post_id,tweet,subject_keyword,sentiment
1,tbh honestly mi bowling was all over the place tdy seriously,MI,negative
2,"ngl  bro dc bowling without plan lag rhi thi, bas hope pe chal rha tha #cricket",DC,negative
3,"ngl bro KKR bowling without plan lag rhi thi, bas hope pe chal rha tha",KKR,negative
6,bhai gt fans ka BP badhane ka contract le rakha h kya dekhte hain,GT,negative
7,"bro fielding from mumbai was painful, easy catches drop kaise #cricket",MI,negative
8,"yaar credit where due, rcb bowling unit ne match bana diya seriously",RCB,positive
9,"not impressed with KKR, too many dot balls and panic shots #cricket??",KKR,negative
10,dekho gt batting collapse dekh ke mood off ho gya bas...,GT,negative
11,bhai ye dc ka death bowling problem kab solve hoga bhai fr,DC,negative
12,"yaar  titans bowling first half good thi, second half thoda loose",GT,neutral
13,ngl  yellow army ka top order stable hai but finishers ko chance chahiye kya scene hai!!,CSK,neutral
15,"bhai for rcb, this was more like a learning match than disaster",RCB,neutral
16,dekho LSG ka captaincy call today was really poor imo dekhte hain,LSG,negative
17,"arre  bro punjab bowling without plan lag rhi thi, bas hope pe chal rha tha",PBKS,negative
18,KKR  fans deserve better than this random planning #IPL,KKR,negative
19,bhai  thala team fans deserve better than this random planning bas,CSK,negative
20,"arre rcb ke fans mixed feel karenge, positives bhi hain issues bhi seriously",RCB,neutral
22,honestly honestly KKR bowling was all over the place today seriously,KKR,negative
24,dekho  lsg fans deserve better than this random planning imo??,LSG,negative
25,bhai  punjab fans deserve better than this random planning dekhte hain,PBKS,negative
26,"honestly orange army batting decent thi, bowling ko thoda aur test milega fr",SRH,neutral
27,ngl ee sala batting collapse dekh ke mood off ho gya #IPL,RCB,negative
28,arre MI fans ka BP badhane ka contract le rakha hai ky lol,MI,negative
29,"arre  pbks performance was okayish, kuch areas improve karne padenge seriously",PBKS,neutral
30,yaar  knights selection decisions are making no sense only dekhte hain...,KKR,negative
33,"yaar MI kya kar rhi hai yaar, same mistakes again and again dekhte hain",MI,negative
35,"arre today rr tried some changes, dekhte hain kaam karta he ky #IPL",RR,neutral
37,dekho kkr batting collapse dekh ke mood off ho gya dekhte hain,KKR,negative
39,"bro lsg ky kar rhi hai yaar, same mistakes again and again dekhte hain",LSG,negative
42,"yaar rr ka match dekha, few good moments but result abhi open hai seriously",RR,neutral
44,ngl ye titans ka death bowling problem kab solve hoga bhai #cricket,GT,negative
45,"bro bhai titans looked hungry today, energy alag hi thi seriously",GT,positive
46,"honestly  aaj lucknow ne dil khush kar diya, proper team performance imo",LSG,positive
47,"honestly ngl pbks bowling looked sorted today, line length ekdum tight bas :)",PBKS,positive
48,"ngl  rajasthan ka powerplay plan actually worked, good thinking by team imo",RR,positive
50,bhai  KKR middle order fir se pressure me gayab ho gya fr,KKR,negative
51,"arre bro GT bowling without plan lag rhi thi, bas hope pe chal rha tha imo",GT,negative
52,dekho RR fans deserve better than this random planning fr,RR,negative
53,"arre PBKS ky kar rhi hai yaar, same mistakes again and again #IPL...",PBKS,negative
55,ngl GT selection decisions are making no sense only imo,GT,negative
56,"honestly aaj orange army ne dil khush kar diya, proper team performance seriously",SRH,positive
57,"arre RR kya kar rhi h yaar, same mistakes again and again seriously...",RR,negative
59,dekho mi fans deserve better than this random planning...,MI,negative
60,"dekho pbks ke youngsters mast khel rhe hain, future bright lag rha dekhte hain",PBKS,positive
63,"not impressed with ee sala, too many dot balls and panic shots #IPL",RCB,negative
64,"bro bhai red army looked hungry today, energy alag hi thi fr!!",RCB,positive
66,honestly mumbai batting collapse dekh ke mood off ho gya #cricket,MI,negative
67,yaar  delhi middle order fir se pressure me gayab ho gya #cricket,DC,negative
71,"KKR performance was okayish, kuch areas improve karne padenge #cricket!!",KKR,neutral
72,"bro that finish from rcb was too good, pressure me bhi calm bas",RCB,positive
73,"credit where due, CSK bowling unit ne match bana diya #IPL :)",CSK,positive
76,"bhai punjab ka powerplay plan actually worked, good thinking by team #IPL",PBKS,positive
80,"yaar CSK ke fans mixed feel karenge, positives bhi hain issues bhi seriously",CSK,neutral
81,"SRH kya kar rhi hai yaar, same mistakes again and again fr",SRH,negative
82,"lucknow batting decent thi, bowling ko thoda aur test milega dekhte hain!!",LSG,neutral
83,"bhai lsg middle order ne aaj sambhal liya, vry mature batting kya scene he!!",LSG,positive
85,dekho honestly rr bowling was all over the place today lol,RR,negative
86,"bhai mumbai ka match dekha, few good moments but result abhi open hai fr",MI,neutral
87,"dekho rr looked totally confused today, no clear intent bas",RR,negative
88,dekho punjab middle order fir se pressure me gayab ho gya kya scene hai,PBKS,negative
89,"yaar fielding from lucknow was painful, easy catches drop kaise fr :)",LSG,negative
90,"bro gt kya kar rhi hai yaar, same mistakes again and again bas",GT,negative
91,ngl ye mi ka death bowling problem kab solve hoga bhai dekhte hain,MI,negative
92,"honestly  mi batting today was full paisa vasool, kya intent dikhaya boss #cricket",MI,positive
93,bro aaj RR ne winning position se match gift kar diya kya scene hai!!,RR,negative
95,honestly LSG fans ke liye aaj ka match pure vibes tha #IPL...,LSG,positive
96,"arre dc played safe today, risky approach nhi liya #cricket",DC,neutral
97,"bhai that finish from RR was too good, pressure me bhi calm bas",RR,positive
99,"yaar today srh tried some changes, dekhte hain kaam karta h ky bas",SRH,neutral
100,"arre PBKS played safe today, risky approach nhi liya lol...",PBKS,neutral
101,dekho lsg ka net run rate angle ab important ho sakta he lol :),LSG,neutral
105,"bro yellow army fielding was sharp yaar, catches bhi mast pakde #cricket :)",CSK,positive
106,honestly lsg ke liye next match more important hoga honestly...,LSG,neutral
108,"dekho  credit where due, gt bowling unit ne match bana diya fr",GT,positive
110,"bhai DC showing proper comeback spirit, respect #cricket :)",DC,positive
111,ngl thala team fans ke liye aaj ka match pure vibes tha bas :),CSK,positive
112,"ngl  ngl rr bowling looked sorted today, line length ekdum tight seriously",RR,positive
114,"ngl DC performance was okayish, kuch areas improve karne padenge dekhte hain",DC,neutral
115,yaar CSK middle order fir se pressure me gayab ho gya seriously??,CSK,negative
117,"bro rcb batting today was full paisa vasool, kya intent dikhaya boss imo :)",RCB,positive
118,bro SRH fans deserve better than this random planning,SRH,negative
121,honestly delhi ka captaincy call today was really poor imo :),DC,negative
122,bro SRH selection decisions are making no sense only dekhte hain,SRH,negative
123,"yaar GT ne start okay kiya, ab middle overs decide karenge seriously??",GT,neutral
127,"yaar thala team looked totally confused today, no clear intent #IPL??",CSK,negative
130,"ngl today KKR tried some changes, dekhte hain kaam karta h kya seriously",KKR,neutral
132,"bro PBKS ne aaj basics sahi kiye, no faltu panic #cricket",PBKS,positive
133,"honestly red army fielding was sharp yaar, catches bhi mast pakde fr",RCB,positive
135,arre ye RCB ka death bowling problem kab solve hoga bhai #cricket,RCB,negative
137,rajasthan batting collapse dekh ke mood off ho gya #IPL :),RR,negative
138,"rr ke fans mixed feel karenge, positives bhi hain issues bhi ky scene hai!!",RR,neutral
140,"tbh very average show from red army, energy hi nhi thi kya scene hai...",RCB,negative
141,"yaar ee sala kya kar rhi h yaar, same mistakes again and again fr",RCB,negative
143,"dekho bro srh bowling without plan lag rhi thi, bas hope pe chal rha tha imo",SRH,negative
144,"dekho bro ee sala bowling without plan lag rhi thi, bas hope pe chal rha tha #IPL!!",RCB,negative
145,"ngl not impressed with SRH, too many dot balls and panic shots seriously",SRH,negative
146,"bhai bro MI bowling without plan lag rhi thi, bas hope pe chal rha tha dekhte hain",MI,negative
147,GT middle order fir se pressure me gayab ho gya kya scene hai,GT,negative
148,dekho SRH fans ka BP badhane ka contract le rakha hai kya #IPL,SRH,negative
152,"arre vry average show from mi, energy hi nhi thi #cricket...",MI,negative
155,"yaar  lucknow ne start okay kiya, ab middle overs decide karenge #IPL!!",LSG,neutral
156,arre honestly titans bowling was all over the place today #IPL,GT,negative
157,"honestly thala team ne start okay kiya, ab middle overs decide karenge bas??",CSK,neutral
159,arre ye PBKS ka death bowling problem kab solve hoga bhai bas,PBKS,negative
162,"bro not impressed with pbks, too many dot balls and panic shots ky scene hai",PBKS,negative
163,"yaar  mi played safe today, risky approach nhi liya seriously :)",MI,neutral
164,"dekho  today GT fans can sleep peacefully lol, solid win ky scene hai!!",GT,positive
167,"bhai fielding from yellow army was painful, easy catches drop kaise",CSK,negative
168,"honestly credit where due, LSG bowling unit ne match bana diya bas",LSG,positive
169,yaar aaj lsg ne winning position se match gift kar diya fr,LSG,negative
171,tbh  delhi batting collapse dekh ke mood off ho gya lol,DC,negative
173,"dekho today ee sala fans can sleep peacefully lol, solid win fr",RCB,positive
174,"yaar mi ne aaj basics sahi kiye, no faltu panic ky scene hai",MI,positive
175,dekho paltan team combo abhi settle hota hua lag rha hai bas,MI,neutral
176,bhai  SRH ka net run rate angle ab important ho sakta he #IPL,SRH,neutral
177,"honestly red army looked totally confused today, no clear intent lol",RCB,negative
178,"bro knights kya kar rhi hai yaar, same mistakes again and again fr",KKR,negative
180,"bhai  punjab squad looks interesting, but abhi judgement jaldi hoga seriously",PBKS,neutral
183,"bhai  tdy SRH fans can sleep peacefully lol, solid win bas...",SRH,positive
184,"bhai red army batting decent thi, bowling ko thoda aur test milega dekhte hain",RCB,neutral
185,"dekho  for delhi, this was more like a learning match than disaster lol",DC,neutral
186,"yaar credit where due, orange army bowling unit ne match bana diya bas :)",SRH,positive
187,"tbh  fielding from SRH was painful, easy catches drop kaise bas",SRH,negative
189,"arre  ngl csk bowling looked sorted today, line length ekdum tight imo :)",CSK,positive
190,bro csk batting collapse dekh ke mood off ho gya #IPL,CSK,negative
192,"not impressed with rajasthan, too many dot balls and panic shots fr",RR,negative
193,arre ye SRH ka death bowling problem kab solve hoga bhai #IPL,SRH,negative
194,"arre not impressed with lucknow, too many dot balls and panic shots lol",LSG,negative
195,"bro  kkr fielding was sharp yaar, catches bhi mast pakde #IPL!!",KKR,positive
196,thala team selection decisions are making no sense only #IPL :),CSK,negative
197,"ngl yellow army bowling first half good thi, second half thoda loose bas",CSK,neutral
198,"dekho orange army ke fans mixed feel karenge, positives bhi hain issues bhi #IPL",SRH,neutral
199,"yaar bhai csk looked hungry today, energy alag hi thi #IPL",CSK,positive
200,arre KKR fans ka BP badhane ka contract le rakha h kya #IPL,KKR,negative
201,"arre  GT fielding was sharp yaar, catches bhi mast pakde #IPL",GT,positive
202,"arre  tdy delhi fans can sleep peacefully lol, solid win imo",DC,positive
203,"bhai fielding from punjab was painful, easy catches drop kaise",PBKS,negative
206,"bro ngl GT bowling looked sorted today, line length ekdum tight fr...",GT,positive
207,"ngl very average show from delhi, energy hi nhi thi #IPL",DC,negative
208,tbh aaj DC ne winning position se match gift kar diya lol,DC,negative
209,"tbh aaj paltan ne dil khush kar diya, proper team performance #cricket",MI,positive
210,"bro that finish from dc was too good, pressure me bhi calm seriously",DC,positive
212,bro mumbai ka top order stable h but finishers ko chance chahiye #cricket,MI,neutral
213,"tbh RCB showing proper comeback spirit, respect kya scene hai!!",RCB,positive
214,"dekho bro thala team bowling without plan lag rhi thi, bas hope pe chal rha tha lol",CSK,negative
215,"yellow army performance was okayish, kuch areas improve karne padenge #cricket :)",CSK,neutral
216,"tbh today MI tried some changes, dekhte hain kaam karta hai kya #IPL??",MI,neutral
217,honestly  SRH fans ke liye aaj ka match pure vibes tha #cricket??,SRH,positive
218,"bro  MI bowling first half good thi, second half thoda loose dekhte hain",MI,neutral
220,"honestly RR bowling first half good thi, second half thoda loose dekhte hain :)",RR,neutral
222,"bhai  rajasthan fielding was sharp yaar, catches bhi mast pakde #cricket...",RR,positive
223,arre DC fans deserve better than this random planning imo,DC,negative
224,"bro lsg ka match dekha, few good moments but result abhi open hai bas",LSG,neutral
225,"honestly pbks ne start okay kiya, ab middle overs decide karenge",PBKS,neutral
226,rcb middle order fir se pressure me gayab ho gya #IPL,RCB,negative
227,honestly PBKS batting collapse dekh ke mood off ho gya kya scene hai,PBKS,negative
228,"fielding from rcb was painful, easy catches drop kaise kya scene he",RCB,negative
229,"ngl vry average show from PBKS, energy hi nhi thi #IPL??",PBKS,negative
230,yaar LSG selection decisions are making no sense only imo,LSG,negative
231,"bro  for rajasthan, this was more like a learning match than disaster",RR,neutral
232,"bro that finish from knights was too good, pressure me bhi calm fr",KKR,positive
234,bhai red army selection decisions are making no sense only dekhte hain,RCB,negative
235,dekho MI middle order fir se pressure me gayab ho gya seriously,MI,negative
237,"delhi ke youngsters mast khel rhe hain, future bright lag rha bas",DC,positive
238,yaar SRH batting collapse dekh ke mood off ho gya lol,SRH,negative
239,"bhai  RCB ka match dekha, few good moments but result abhi open hai :)",RCB,neutral
240,"yaar titans batting decent thi, bowling ko thoda aur test milega",GT,neutral
241,"yaar aaj pbks ne dil khush kar diya, proper team performance",PBKS,positive
243,honestly punjab ka top order stable hai but finishers ko chance chahiye #cricket,PBKS,neutral
245,ngl rr fans ka BP badhane ka contract le rakha h kya kya scene hai,RR,negative
252,arre orange army ka captaincy call today was really poor imo #IPL,SRH,negative
254,"honestly kkr looked totally confused today, no clear intent #IPL",KKR,negative
256,tbh  LSG fans ka BP badhane ka contract le rakha h kya #cricket??,LSG,negative
259,"ngl lsg looked totally confused today, no clear intent seriously",LSG,negative
261,"ngl KKR ne start okay kiya, ab middle overs decide karenge lol",KKR,neutral
262,"bhai srh showing proper comeback spirit, respect dekhte hain",SRH,positive
263,"bro gt batting today was full paisa vasool, kya intent dikhaya boss imo",GT,positive
264,"bro  ngl kkr bowling looked sorted today, line length ekdum tight #IPL",KKR,positive
265,"tbh not impressed with DC, too many dot balls and panic shots kya scene hai",DC,negative
267,CSK  fans ka BP badhane ka contract le rakha hai kya fr,CSK,negative
268,"bro  DC ne start okay kiya, ab middle overs decide karenge #IPL",DC,neutral
270,bhai  ye lucknow ka death bowling problem kab solve hoga bhai fr,LSG,negative
271,"honestly today GT tried some changes, dekhte hain kaam karta hai kya ky scene hai",GT,neutral
272,"arre  fielding from dc was painful, easy catches drop kaise lol",DC,negative
273,bhai RR ke liye next match more important hoga honestly kya scene hai,RR,neutral
275,"honestly not impressed with GT, too many dot balls and panic shots #cricket",GT,negative
276,"yaar PBKS batting today was full paisa vasool, kya intent dikhaya boss seriously",PBKS,positive
278,"MI fielding was sharp yaar, catches bhi mast pakde fr??",MI,positive
279,"ngl SRH played safe tdy, risky approach nhi liya kya scene hai",SRH,neutral
280,"dekho  rr batting today was full paisa vasool, ky intent dikhaya boss imo",RR,positive
281,"yaar bhai punjab looked hungry today, energy alag hi thi lol :)",PBKS,positive
282,"arre KKR batting decent thi, bowling ko thoda aur test milega bas",KKR,neutral
284,"bro CSK ky kar rhi h yaar, same mistakes again and again dekhte hain",CSK,negative
286,"bro srh ka powerplay plan actually worked, good thinking by team kya scene h",SRH,positive
287,ngl  RR selection decisions are making no sense only imo,RR,negative
288,tbh ye RR ka death bowling problem kab solve hoga bhai,RR,negative
289,"ngl for lucknow, this was more like a learning match than disaster lol",LSG,neutral
291,"dekho very average show from GT, energy hi nhi thi lol",GT,negative
292,arre thala team ka captaincy call today was really poor imo bas,CSK,negative
293,ngl rcb team combo abhi settle hota hua lag rha he #IPL,RCB,neutral
295,"lsg ne aaj basics sahi kiye, no faltu panic dekhte hain??",LSG,positive
296,"honestly  not bad not great from knights, balanced type performance",KKR,neutral
297,aaj PBKS ne winning position se match gift kar diya #IPL,PBKS,negative
300,"srh ke youngsters mast khel rhe hain, future bright lag rha seriously",SRH,positive
303,We used to own RCB with finished Uthappa and Dube. #IPL2026 #CSK - Those are the days.. https:// x.com/Tharabaaaphuu/ status/2060572712964325558/video/1 …,CSK,negative
306,"From years of heartbreak to building a champion legacy #RCB have now entered the elite club of back-to-back IPL winners, joining the likes of #MI and #CSK. What once felt impossible is now history. #ViratKohli ’s era of belief has finally transformed into an era of dominance.",CSK,neutral
309,We lost a trophy from here!! What were you thinking after from Watson? #IPL2026 #CSK,CSK,positive
311,No Look Pro Max #Brevis #CSK #IPL,CSK,neutral
312,"Retirement or one more season? As speculation over MS Dhoni's future refuses to die down, @VTrips_7781 tries to connect the dots and explore what could be next for the CSK talisman. @Wowmomo4u #CSK #IPL #MSDhoni",CSK,neutral
313,Scenes at Chepauk in IPL 2027 #CSK #IPL2026,CSK,neutral
314,"If we somehow get Hardik, we should give Sai Kishore a chance. That would allow Ellis to slot into the playing XI #CSK #IPL2026",CSK,neutral
315,"Back to back trophies won: #CSK - 2010, 2011 #MI - 2019,2020 #RCB - 2025,2026 Once again congratulations RCB. #IPL2026",CSK,positive
316,"Dear Stephen Fleming, Thank you for the 5 trophies and the memories. But as #CSK fans, we're tired. For years we've watched the same mistakes repeat with wrong combinations, players used out of position, and performers dropped without backing. The painful part? Every fan could",CSK,positive
318,Troll chesina antha Easy kadhu ra Trophies kottadam #CSK #WhistelPodu #Msdhoni #Yellove,CSK,negative
319,How did we not sign him? #CSK @ChennaiIPL bruhhh #IPL2026,CSK,neutral
320,"If Kasi Thatha doesn't bring him into the dressing room, then we are doomed for another 3-4 years!! @mukundabhinav proves why he is the cricket Chanakya again. #IPL2026 #CSK",CSK,neutral
325,Vadu malli india team loki vastunada.. blud going for comeback.. make it conut @Ruutu1331 na.. #csk #msd,CSK,positive
326,"Liam Livingstone today in #VitalityBlastT20 81 (37) 4-13-3 with the ball Power-hitting + useful overs = exactly the kind of impact player teams look for. #CSK fans, should we go for him? #IPL2026 #T20Cricket",CSK,positive
328,Any one reason why Kuldip Yadav was signed by #CSK instead of Ayush Vartak? 39(21) SR: 186 83(41) SR: 202.4 #IPL2026,CSK,neutral
329,R Ashwin wants CSK to change three aspects after poor IPL 2026. One is auction strategy #Ashwin #CSK,CSK,negative
331,"1. CSK vs GT final attendance - 1,06,847 2. RCB vs GT final attendance - 82,773 3. RCB vs PBKS final attendance - 88,974 When you are Big, you are Big. #CSK #MSdhoni",CSK,positive
333,Breaking News- Mumbai Indians is in talks with Chennai super kings for a trade. Source - Dreaming #CSK fans #IPL2026,CSK,positive
336,"On this day (2023), #CSK sealed their 5th IPL trophy with an iconic last-ball finish.",CSK,positive
339,Ye stage nundi ye stage ki vachav anna @Ruutu1331 Okka comeback ivvu anna direct ga velli playing leven lo kurchovala ‍ #ruturaj #csk,CSK,positive
346,Himesh Reshammiya delivered a spectacular live performance in New Delhi before the IPL 2026 clash between Delhi Capitals and Rajasthan Royals. His explosive show filled the stadium with energy and excitement even before the match began. #HimeshReshammiya #IPL2026 #DelhiCapitals,DC,neutral
348,happily married #dc #harveydent #gildadent,DC,neutral
349,How far #DC Superman can through this levels?,DC,neutral
350,DC dropped summer pics of several characters So here is one of Jason Todd #DC #JasonTodd #DCComics,DC,negative
354,"Bit late to the party, but what a great trailer this was #DC. Loved @ArunMatheswaran work & looking forward to see @Dir_Lokesh in this version, with @anirudhofficial Music. Best wishes to the entire team of @sunpictures",DC,positive
358,This experienced and balanced coaching unit has the potential to deliver consistent performance and bring the IPL trophy to Delhi What are your thoughts DC fans? #DelhiCapitals #DC2027 Comment or quote your choice Doc - Head Coach- Battingcoach- Bowling coach- Mentor -,DC,positive
360,IPL 2025: 539 Runs • 54 Avg • 150 SR IPL 2026: 593 Runs • 46 Avg • 175 SR From Tuk tuk innings to complete mass domination… @klrahul back-to-back massive seasons for @DelhiCapitals #KLRahul𓃵 #DelhiCapitals #IPL2026,DC,neutral
361,"Happy 74th birthday to writer Mike W. Barr. Co-creator of Damian Wayne (1987’s Batman: Son of the Demon), Barr began in the 1970s writing within DC’s ‘Detective Comics’ and was a major presence within Batman’s mythos throughout the 1980s to the early 2000s. #Batman #DC",DC,positive
363,Seattle Orcas Bowling coach: Jason Gillespie Feilding coach: R sridhar #DelhiCapitals @t20tracker #MLC2026,DC,neutral
365,"#DelhiCapitals finish strong A superb half-century from #KLRahul, solid support from #AxarPatel and explosive finishing from #DavidMiller help #DC post 203. Who’s winning this one? #TATAIPL | #KKRvDC | LIVE NOW https:// hotstar.onelink.me/UsKp/0uptrxl8",DC,positive
368,What if Black Canary yodeled instead? Anyways thanks for listening to my Ted Talk/Yodel #dc #dccomics,DC,positive
370,RISHABH PANT TO DELHI CAPITALS? A sensational reunion could be on the cards as DC push to bring Pant back. Talks are reportedly moving in the right direction. #RishabhPant #DelhiCapitals #IPL,DC,neutral
371,HARDIK PANDYA IN DELHI CAPITALS? #hardikpandya #ipl2027 #delhicapitals,DC,neutral
372,"#new A lawsuit to stop the UFC Freedom 250 event scheduled for the White House Lawn on June 14th to celebrate the nation's 250th birthday has been filed. #DC Paul Romano, and Susan Douglas, both of Virginia filed the lawsuit to stop the celebration. #ufc The complaint claims",DC,positive
373,Poor home record to toothless bowling and slow batting Inside #DelhiCapitals ’ failed #IPL2026 campaign,DC,negative
375,RISHABH PANT WAPIS AAYENGE DELHI CAPITALS? #rishabhpant #delhicapitals #ipl2027 #axarpatel,DC,neutral
377,Rinku Ka Tiyag Dhenayki Planning!! Laykin Coach Saab Nahi Maanrey Hay #KKR #MI #DC #CSK #ipl_2026,DC,neutral
385,IPL Final - 2026.. #RCB vs #GT.. RCB గెలుస్తున్నాం.. Back to back IPL cups..,GT,positive
387,RCB Victory Flag!! IPL 2026 Champions Royal Challengers Bengaluru RCB wins the cup for the second consecutive time with a victory over the Gujarat Titans team Kohli who stunned in the finals (75 runs) #RCB #GT #Viratkohli #RCBvsGT #IPLFinal,GT,positive
391,How good has Rasikh Dar been this season? Two impressive scalps to halt #GT Updates https:// bit.ly/TATAIPL-2026-F inal … #TATAIPL | #Final | #TheFinalLeap | #RCBvGT,GT,positive
392,"Upping the ante with the same class Shubman Gill goes BANG, BANG leading #GT 's charge Updates https:// bit.ly/TATAIPL-2026-Q ualifier2 … #TATAIPL | #Qualifier2 | #TheFinalLeap | #GTvRR | @gujarat_titans",GT,positive
394,The two most consistent teams in recent years are facing each other in the final tonight. #RCB #GT #IPL2026 #IPLFinal,GT,positive
396,The most fuckin boring team of the league ever. Even kochi tuskers was far more fun #GT,GT,negative
398,Is this IPL final or Maha Sivaratri? What was that?? Why bring in religion into sports? @BCCI #IPL #RCB #GT #Cricket,GT,positive
400,"Innings Break! Another #RR charge, led by Vaibhav Sooryavanshi Will #GT chase down the to enter the Final? Scorecard https:// bit.ly/TATAIPL-2026-Q ualifier2 … #TATAIPL | #Qualifier2 | #TheFinalLeap | #GTvRR",GT,positive
403,Final set #RCB vs #GT ela iyna gelavali ra @RCBTweets inkoka decade manalni yevadhu touch cheyadhu @rrjjt_01 anna ichina matta marchipoku hamza,GT,positive
404,"With the Gujarat Titans arriving less than 24 hours before the IPL 2026 final, former India captain Sunil Gavaskar says he felt the final could have been shifted to Monday to ensure a fairer turnaround and adequate rest for GT. #IPL2026 #RCB #GT #RCBvsGT | @NikhilNaz",GT,positive
405,Shubman Gill breaks his silence following Gujarat Titans' defeat in IPL 2026 Final #IPL2026 #GT #ShubmanGill,GT,positive
408,IPLની ફાઇનલથી અમદાવાદના હોટલ બિઝનેસને ચાંદી જ ચાંદી #IPL #IPL2026 #GT #GTvsRCB #hotelbusiness #toursandtravells #narendramodistadium #jamawat,GT,neutral
409,IT'S TIME. #RCB or #GT - Who will be crowned the TATA IPL 2026 Champions? #TATAIPL 2026 FINAL | #RCBvGT | LIVE NOW!,GT,positive
410,This was always going to happen. Only #RR was capable of stopping #RCB Rampage. Congrats Champion RCB once again! #GT was never worthy.,GT,positive
411,What a shot! #ShubmanGill making his intent very clear! He's hit that with absolute authority as #GT claim a commanding position in the chase. #TATAIPL Qualifier 2 #GTvRR | LIVE NOW https:// hotstar.onelink.me/UsKp/0mvcuy4z,GT,neutral
414,"ROYAL CHALLENGERS BENGALURU WIN IPL 2026! Rajat Patidar’s men make history. When it mattered most, King Kohli delivered once again. A disappointing batting performance from #GT on the biggest stage. #RCBvsGT",GT,positive
416,"A resolute counter from Nishant Sindhu. The #GT batters dealt in boundaries, easing the powerplay pressure on his team. #TATAIPL 2026 FINAL | #RCBvGT | LIVE NOW https:// hotstar.onelink.me/UsKp/vpjf0zlw",GT,positive
418,"VIDEO | Ahmedabad: Former India captain Sourav Ganguly arrives in Ahmedabad ahead of the RCB vs GT IPL final clash. He says, “You can’t predict who will win, so hopefully we have a good game tonight.” #IPL #RCB #GT (Full video available on PTI Videos - http:// ptivideos.com )",GT,positive
421,"If #KKR decides to release Matheesha Pathirana, should CSK go for him again? Thoughts, CSK fans? #IPL2026 #CSK",KKR,positive
422,The best team by a good distance this season are about to win the @IPL.. Quality display by all the players but Gautam Gambhir has brought that sprinkle of cricket strategy thinking.. #KKR,KKR,positive
423,"LATEST SCOOP #KKR are seriously eyeing a BIG move for #IshanKishan Strong discussions are reportedly underway, and sources close to the franchise reveal that KKR management is pushing aggressively to make the deal happen through a possible trade move If this goes",KKR,positive
424,"Lalit Modi reveals initially #ShahRukhKhan hesitated to buy #KKR by telling ""‘Rs 20 cr is a big part of my savings’"" Modi said #SRK ’s one of the concerns was financial. “He asked me, ‘If I happen to win a team, how much is it going to cost?’ I told him the down payment",KKR,neutral
427,"If this guy didn't come back in 2024, #KKR and #RCB would've had the same number of trophies.",KKR,neutral
428,"He could play for any of the IPL teams as well next season except #KKR cause as soon as we sign him in the auction petition to ban him will start, he can play entire season without any problem if he goes to any other team.",KKR,negative
432,Knight Army Which player among these would you love to see playing for KKR in future #KKR | #TATAIPL | #IPL2026,KKR,positive
433,Vaibhav should thank his lucky stars it wasn't #KKR making a bid for him else he would be sitting on the bench for 3 years learning how to rotate strike inside powerplay from Ajju Da.,KKR,positive
435,Rahane sees a big future for Kartik Tyagi and Anukul Roy. #IPL2026 #KKR,KKR,neutral
439,BIGGEST NEWS OF THE MONTH Hardik Pandya and Venky Mysore were on a Zoom call today regarding Hardik's future. Several senior KKR officials were also present. Sources indicate both parties were satisfied when the call ended. Almost done #KKR #HardikPandya #IPL,KKR,neutral
442,"I’d love to have him at #KKR but I’m sure if it happens #MI will want someone like Rinku in return and I don’t want that. Rinku is a proper #KKR player, if it’s an all cash deal which is unlikely then only it should happen.",KKR,positive
444,"If RCB wins the IPL again next year, they'll be level with KKR in trophies Who would've thought just 2 years ago that RCB and KKR would be tied on IPL titles one day? Nobody All because of one disastrous bid. KKR fans will never forget that Venky Mysore masterclass. #Rcb #kkr",KKR,positive
447,"Ab Jitni marzi, utni selfies lo aur storage ki fikar ko kaho NO Get 5000 GB cloud storage with Google Gemini Pro, now FREE with Jio subscription. Link: https:// jio.com/dl/sm-cn #KolkataKnightRiders #KKR #Google #Jio",KKR,neutral
448,"#AjinkyaRahane #KKR #IPL2026 ""Everybody was throwing darts at him"" Former India cricketer has named Ajinkya Rahane as the best captain of IPL 2026 despite KKR missing out on the playoffs.",KKR,positive
449,Mitchell Starc gifted his signed Delhi Capitals jersey to Matheesha Pathirana #Cricket #KKR #IPL2026,KKR,neutral
450,Rinku Ka Tiyag Dhenayki Planning!! Laykin Coach Saab Nahi Maanrey Hay #KKR #MI #DC #CSK #ipl_2026,KKR,neutral
455,"1 June 2014 The day #KolkataKnightRiders Conquered the throne for second time & etched their name into IPL history. A night of passion, belief & glory that every #KKR fan will cherish forever. @iamsrk @KKRiders #KorboLorboJeetbo #King #ShahRukhKhan #SRKClubDelhi",KKR,positive
459,"T20 World Cup winner IPL champion 628 wickets in T20s 190 wickets in List A cricket Wishing a very happy birthday to one of the greatest T20 bowlers of all time, Sunil Narine #Cricket #KKR #SunilNarine",KKR,positive
460,Happy Birthday to Cameron Green. I loved every moment of him this season in a #KKR jersey and hopefully it continues for the next 10 years. He's perfectly #KKR coded.,KKR,positive
461,Crystal Palace are bowling beautifully in the IPL … #LSG,LSG,neutral
465,Any of the 8 other teams other than #GT would've put up a better fight in this final. Even #LSG would have.,LSG,positive
467,"#BREAKING: Rishabh Pant steps down as Lucknow Super Giants captain, franchise posts the information #LSG",LSG,positive
468,#Rishabpant has Stepped Down as #LSG Captain.,LSG,neutral
472,"PANT QUIT CAPTAINCY IN IPL, LSG KO 27CR. KA CHOONA? #rishabhpant #ipl2026 #lsg",LSG,neutral
473,"After another underwhelming IPL season, with LSG finishing at the foot of the table, head coach Justin Langer is on a slippery slope. Kane Williamson could be set for a bigger role going ahead. #LSG #IPL @shamik100",LSG,neutral
477,Rishabh Pant steps down as LSG captain after disastrous IPL 2026 campaign Read @ANI Story | http:// aninews.in/news/sports/cr icket/rishabh-pant-steps-down-as-lsg-captain-after-disastrous-ipl-2026-campaign20260529174033/ … #RishabhPant #LSG #LSGCaptaincy #LucknowSuperGiants,LSG,neutral
478,Why Did Rishabh Pant Leave the Captaincy of Lucknow Super Giants? #RishabhPant #LSG #LucknowSuperGiants #IPL #IPL2026 #CricketNews #ATDigital,LSG,positive
481,Rishabh Pant with Goenka Saab LSG #GTvsRR #LSG,LSG,neutral
483,"#RishabhPant #LSG #IPL2026 BREAKING: Rishabh Pant has stepped down as Lucknow Super Giants captain with immediate effect. LSG confirmed that Pant himself requested to be relieved of captaincy duties, and the franchise has accepted the decision.",LSG,positive
485,"After LSG's poor performance in IPL 2026, Rishabh Pant steps down as captain; franchise shares info via special post. #IPL2026 #LSG #RishabhPant #ABPNews",LSG,negative
486,#RishabhPant #LSG #Pant #LucknowSuperGiants How Rishabh Pant’s Rs 27 crore LSG move turned into an IPL disaster in just two seasons READ,LSG,negative
487,Rishabh Pant Quits As LSG Captain After Disappointing IPL 2026 Season The move comes after Lucknow Super Giants endured a poor IPL 2026 campaign under Pant’s leadership. #RishabhPant #LSG #IPL2026 #LucknowSuperGiants #IPL,LSG,neutral
488,From dreams of five IPL titles to a captaincy stint that ends without silverware. #IPL2026 #LSG #Cricket #Sportskeeda,LSG,neutral
493,"#LSG should do one thing: instead of removing Rishabh Pant from the captaincy, they should request BCCI to remove their franchise from the IPL. From the owners to the jersey to the stadium to the team name to the logo, everything is the worst. #IPL2026",LSG,negative
495,"With Rishabh Pant stepping down from the captaincy, which player do you think has the best chance of leading LSG in the upcoming IPL season? #IPL2026 #LSG #Cricket #Sportskeeda",LSG,positive
500,"The ""BIGGEST TRADE"" of IPL on cards. As we all know, Hardik Pandya is set to move on from Mumbai Indians captaincy as well as a player and is likely to be traded to #LSG in return #MI will get #RishabhPant. What's your opinion?? Just to know that, Lucknow Super Giants",LSG,positive
502,"Rasikh Salam faced a 2-yr ban for age-fudging in 2019, many thought it’s over for him. But he went to Mumbai, thanks to #MI, didn’t miss a day of practice despite knowing his future is uncertain. Came back in 2022, got injured. Out again. But he never gave up. #RCB #IPLFinal",MI,positive
504,"Livingstone reveals #SRH blocked #MI from getting Salil Arora! ""We bought a player Mumbai really wanted. We had more money, so we got him. The owners loved him, so he was locked in. Dan(Vettori) told me that” Every team knew we needed an Indian Keeper",MI,positive
506,"From years of heartbreak to building a champion legacy #RCB have now entered the elite club of back-to-back IPL winners, joining the likes of #MI and #CSK. What once felt impossible is now history. #ViratKohli ’s era of belief has finally transformed into an era of dominance.",MI,neutral
508,"Captain For Captain Uh! MI Your Very Chalak Bro, Dararo Ka Faidha Kayse Utaye MI Se Seekho! #iplfinals #Mi #Trade",MI,neutral
510,"If I’m part of the decision-making group, I’d honestly rather invest that ₹22.15 Cr purse into smart auction picks instead of forcing a massive trade. Because let’s be real — #MI will definitely try to demand another important player alongside #ShivamDube in any",MI,neutral
514,Mumbai Indians and Royal Challengers Bengaluru have won multiple IPL and WPL titles. #Cricket #MI #IPL2026,MI,positive
515,"Breaking Mumbai Indians management is set to remove Jayawardene from the position of head coach before the start of the next season. Additionally, it is being learned that more changes are set to take place in the coaching setup as well #ipl20206 #Mi #Ipl #iplchampions #Mumbai",MI,neutral
517,CSK-க்கு வரப்போகும் ஹர்திக் பாண்டியா?? வைரலாக பரவும் செய்தி! Ex சிஎஸ்கே வீரர் கருத்து! https:// puthiyathalaimurai.com/sports/cricket /badrinath-shares-his-views-on-the-reports-regarding-hardik-pandya-potentially-joining-csk … #CSK | #HardikPandya | #MI | #IPLTrade,MI,neutral
519,"HISTORIC: #RCB WON SECOND TROPHY, JOINED #MI & #CSK ’s ELITE CLUB! Read More:",MI,positive
521,"Reverse-Sweeping the ball to the 2nd tier of the stadium for a Six. By Heinrich Klaasen is ""Absolute Cinema"" for me #SRH #MI #MIvSRH #IPL #IPL2026",MI,neutral
522,#GTvsRR #MI Neeta Ambani to Hardik Pandya:,MI,neutral
523,Rinku Ka Tiyag Dhenayki Planning!! Laykin Coach Saab Nahi Maanrey Hay #KKR #MI #DC #CSK #ipl_2026,MI,neutral
524,"2017 • 2018 • 2019 • 2020 • 2021 #MI and #CSK were literally passing the #IPL trophy back and forth like it belonged to them. 2017 — MI 2018 — CSK 2019 — MI 2020 — MI 2021 — CSK Meanwhile, the rest of the league was just trying to get a turn.",MI,positive
526,"I want to write some new article or something, but not without new game releases, huh⋯⋯. #SNK #KOF #MI #Alba Meira Birthday Festival 2026 #Soiree Meira Birthday Festival 2026 【SNK】Minamimachi Nada【MI】｜Ureshino @a_ureshino",MI,neutral
527,"""Like the Mumbai Indians team, we too will face some tough times,"" said the student who roasted the Mumbai Indians team right in front of Nita Ambani at the school's graduation ceremony! #IPL2026 | #MI | #NitaAmbani | #TamilnaduNews | #Nakkheeran",MI,neutral
528,Tilak Varma reveals the captaincy lessons he picked up from Rohit Sharma as he gears up for his new role as India's vice-captain in T20Is! #India #MI #RohitSharma #Sportskeeda,MI,neutral
529,"Dhoni, following Rohit Sharma!! #MSDhoni | #RohitSharma | #MI | #CSK | #RCB | #RajatPatidar | #Cricket | #Sports",MI,neutral
530,Hardik Pandya | CSK வில் ஹர்திக் பாண்டியா? ரசிகர்களுக்கு காத்திருக்கும் சர்ப்ரைஸ் https:// thanthitv.com/news/sports/ha rdik-pandya-in-csk-a-surprise-may-be-in-store-for-fans … #hardikpandya #mi #csk #cricket #ipl2026,MI,positive
531,RCB become only the fourth franchise in IPL history to win multiple titles #IPL #CSK #MI #RCB #Cricket,MI,neutral
533,"When i was posting about these things, some 's were barking under my tweets. ko bar bar waqt par dalna padtha hay. #trade #ipl2026 #mi #csk #dc #kkr #IPL",MI,neutral
536,Can you find the player.. #CSK #RCB #MI,MI,neutral
537,Meeting between Hardik & MI to discuss his future #HardikPandya #MI,MI,neutral
539,"The team will conduct self-reflection on their performance around management, having lost 10 out of 14 matches in this season #IPL2026 #MI",MI,negative
542,Double hattrick in a T20 match at just 21 years old. @PunjabKingsIPL & @RickyPonting keep an eye on Varun Singh Bhue for #IPL2027. Young left-arm spinner with serious potential. #PBKS #PunjabKings #CCPL #shreyasiyer #punjab #ponting #punter #ipl2027,PBKS,neutral
543,"Rajasthan Royals won, kya? A local Punjabi boy sent the RR buses back to Jaipur #PBKS #PunjabKings #GT #Gill #Shreyas #RRvGT #Punjabi",PBKS,neutral
545,7 straight wins and then getting eliminated — what went wrong for #PBKS this year? #Aakashvani #IPL,PBKS,neutral
547,Time to call a ceasefire IPL 2026 is done the RR vs #PBKS banter was fun and all the lafdas can rest until the next season. If Taran says he’s supported RR from Day 1 and never backed any other team there’s nothing wrong with that Let him support his team and we’ll support ours,PBKS,positive
548,"SAHIL MALHOTRA ( TOI ) clears the air on the #ShreyaIyer joining MI news floating around, hear this #PBKS fans",PBKS,positive
550,One of my dreams is to open an American style sports bar in Punjab. Any idea how much investment it would take to get started? Is it a profitable business? Would love to hear from anyone with experience in the hospitality or sports bar industry. #PBKS #punjabkings,PBKS,positive
553,"If PBKS is serious about winning the trophy this is the perfect time to bring in Ravi Ashwin as Spin Bowling Coach Ashwin, Ponting and Shreyas have already worked together and share great cricketing understanding. Strengthen the spin department now #PBKS #PunjabKings #Shreyas",PBKS,positive
554,"Gujarat Titans have the highest qualification rate, while Punjab Kings have the lowest among the current IPL teams! #IPL2026 #GT #PBKS #Sportskeeda",PBKS,neutral
556,"If Punjab Kings never wins an IPL trophy, then let me remind you that one party will never come to power in Punjab either #PBKS #punjabkings #ShreyasIyer",PBKS,positive
559,Declared India’s T20 captain and delivered a captain’s knock Sarpanch Saab smashes a 32 ball fifty in front of 22 000 fans pure dominance Shreyas Iyer’s graph since joining Punjab Kings #PBKS #ShreyasIyer #PunjabKings Video credits @T20Mumbai @StarSportsIndia,PBKS,positive
560,"wins out of How did #PBKS bottle this season @bhogleharsha, @joybhattacharj & @gauravkapur answer #IPL2026 @GoogleIndia",PBKS,negative
563,Guess who? #PBKS #punjabkings #ShreyasIyyer,PBKS,neutral
566,Let's wait for something solid. At the end of the day. Shreyas will make the choice that fits best for his career ahead #PBKS #IPL2026,PBKS,positive
569,"Be it KXIP or #PBKS 3 / 19 playoffs is something that i am now looking back am not able to digest as a follower of this side from the start. We will be there with you yes, but looking at how other teams have atleast qualified more times, Hope so they sort it soon man #IPL2026",PBKS,positive
570,Will RR buses travel to Ahmedabad? Or will they travel back to Jaipur? #RRvsGT #GTvsRR #PBKS #PunjabKings,PBKS,neutral
571,"Next year, Ponting saab… we will lift the cup Hopefully the auction fixes our weak spots and makes Punjab unstoppable. We played really well this season, only Dharamshala didn’t go our way. Still believe in you and Shreyas #PBKS #PunjabKings #shreyasiyer",PBKS,positive
572,Kacha ja karta vichare nu #PBKS #punjabkings #shreyasiyer #punjabi #RR #RRvsPBKS #RRvsGT #GTvsRR,PBKS,neutral
573,He is talking about this username @ShubmanGill #PBKS #punjabkings,PBKS,neutral
574,"People are reporting hundreds of news on Arshdeep leaving #PBKS for MI, Shreyas is also being talked about. Well time will tell how accurate they are. Teams & players do what they feel is the best for them in terms of being traded its a part of the system #IPL2026",PBKS,positive
576,"In IPL 2027, these captains could be entering the auctions Hardik Pandya Rishabh Pant Axar Patel Ajinkya Rahane Ruturaj Gaikwad Who are you most excited to see? #IPL #PBKS #RRvsGT #PunjabKings #ShreyasIyer",PBKS,neutral
578,"As per reports, Punjab Kings may bring their women’s team to the IPL as cricket craze keeps growing in Punjab Who should be the marquee player? And what should the team name be? I think “Punjab Queen XI” sounds good #PBKS #PunjabKings #shreyas",PBKS,positive
585,"It was so nice, they had to win it twice #RCB #RajatPatidar",RCB,positive
587,"What a moment for #RCB! Congratulations to the entire team, and fans who kept the faith all these years. And a special salute to @imVkohli, whose journey makes this victory even sweeter. #iplchampion",RCB,positive
590,"RAJAT PATIDAR vs BL in MP-T20: • 29 (15) • 4s x 3, 6s x 1 • 193 SR Had a partnership with inform Parth 79(35). Decent Innings from Captain #RCB #IPL2026 #PlayBold",RCB,neutral
593,Lions Never Cheat #IPL #CSK #RCB,RCB,negative
594,Dhoni is different beast #dhoni #RCB #CSK,RCB,positive
595,"RCB completely owned the viewership charts in IPL 2026, with only matches crossing the 40-crore viewership mark all tournament, and all involving RCB #RCB #IPL2026 #IPL #CricketTwitter",RCB,neutral
598,The Indian selectors left out two absolute champion performers of IPL 2026 You gotta feel for Rajat Patidar and Bhuvneshwar Kumar #IPL #RCB #IREvIND #AsianGames2026,RCB,positive
599,Pati Dhar was right there #RCB,RCB,neutral
600,𝐁𝐎𝐋𝐃 𝐅𝐈𝐅𝐀 𝐖𝐎𝐑𝐋𝐃 𝐂𝐔𝐏 𝟐𝟎𝟐𝟔 𝐏𝐈𝐂𝐊𝐒 𝐟𝐭. @devdpd07 #RCB • #FIFAWorldCup26 • #BoldBrigade,RCB,positive
601,"Rahul Dravid left them in a bad state and last year they were in the news for all the wrong reasons. #RR head coach @KumarSanga2: ""RR is not, probably was in 2022, we've made a conscious decision that we're going to change that, and we're going to get as many players that can",RR,negative
602,"Today, the big difference between team #RR and team #GT was a Chichora captain #Parag and a mature and talented captain @ShubmanGill. If a team is having a Chichora captain then the team can never win the title. #LSG & #DC are also having Chichora captains.",RR,neutral
612,Next #IPLauction agenda for #RR should be buying a captain,RR,neutral
613,"Enjoying the boring #IPL final? Precisely, because #RR is missing",RR,neutral
616,FIFTEEN YEARS OLD. That's it. That's the caption. #IPL2026 #VaibhavSooryavanshi #RR,RR,neutral
617,Ho Raha a chota sa comeback.. Dil behelane wala comeback by #RR #GTvsRR,RR,positive
621,Vaibhav Sooryavanshi joins the prestigious list of Most Valuable Player award winners! #IPL2026 #RR #Sportskeeda,RR,neutral
622,"Just one step away from the finals, #RR 's loss left Vaibhav Suryavanshi shattered. As soon as the match was lost, he appeared like this with tears in his eyes. #VaibhavSooryaVanshi #IPL2026 #UANow",RR,negative
627,"3:30am, #RR, generations finished",RR,negative
628,"Vaibhav Sooryavanshi is now the fastest Indian batter to complete 1000 IPL runs, reaching the milestone in just 23 innings! #IPL2026 #RR #Cricket #Sportskeeda",RR,neutral
629,Vaibhav Sooryavanshi Owns Costly Error Following Rajasthan Royals' Qualifier 2 Exit #VaibhavSooryavanshi #RR,RR,neutral
630,Vaibhav Sooryavanshi becomes the third RR player to win the Emerging Player of the Season award! #IPL2026 #RR #Sportskeeda,RR,positive
631,"Individual history.. Rajasthan Royals' Vaibhav Suryavanshi, who became the youngest player to score 1000 runs in the IPL at breakneck speed #RR | #VaibavSuryavanshi | #RRVSGT | #IPL | #Newstamil24x7",RR,neutral
635,"""I had made a note on my phone that I wanted to score more than 700 runs this season."" - Vaibhav Sooryavanshi on his spectacular show in IPL 2026. #IPL2026 #RR",RR,neutral
637,"- 93/ 38 - 97/ 29 - 96/47 VAIBHAV SOORYAVANSHI.. Don't feel sad Champ.. You are already in every Indian's Heart, #Suryavanshi #RR #GTvsRR",RR,negative
639,நம்ம ரொம்ப close ah நினைக்கிற சில நபர்கள் நம்ம புடிச்ச கட்சி நம்ம favorite team எல்லாமே அவுட் #RR lose,RR,negative
646,HAT-TRICK For Onkar Tarmale in #T20Mumbai Hatsoff to @VarunAaron #IPL2026 #SRH,SRH,neutral
648,"Akkada imp time lo nitish out aithe konchem kooda chiraku,kopam,sadness em lekunda youtube comments chadavadam kosam kottukuntoo thintunnaru Em fans ra babu meeru. Live starting nunchi SRH odipoddi ane chepthoo vacharu. #SRH",SRH,positive
652,Enduku ela chesaru ra @SunRisers Papam Gundu chesukundadu kada #SRH #IPL2026,SRH,neutral
653,Pat Cummins potentially missing next IPL might not be as bad for SRH as it sounds. This season already showed Ishan Kishan can handle leadership responsibility. The bigger challenge now? SRH’s auction becomes a hunt for wicket-taking bowlers. #SRH #Patcummins #IPLAuction,SRH,negative
654,Shivang Kumar has smashed the Fastest FIFTY in the MPL in 13 balls! How Shivang Got His 50 - 6 0 4 5 1 4 4 1 6 6 4 6 4 4 SIXES & 5 FOURS. WHAT AN INNINGS! #SRH #IPL2026,SRH,neutral
657,Gud mrng bathayi mawa @SunRisers.. Buddodu Vaibhav kanna Akka Chnaaa Viral ayyindi gaaa.. #SRH,SRH,neutral
661,The Sun Group (SRH) and Reliance Industries (MI) have expressed interest in acquiring the 2nd Melbourne club to Cricket Victoria if they’re willing to proceed with the sale! #SRH #IPL2026,SRH,neutral
663,Onkar Tarmale has taken a hattrick in the Mumbai T20 League. Unfortunate that he was injured during the IPL but this is some excellent scouting by @VarunAaron #SRH #IPL2026,SRH,neutral
666,In 2016 #SRH really took the toughest route and still lifted the trophy. One of the greatest playoff runs in #IPL history.,SRH,positive
667,Wickets For IPL Teams Since SRH's Arrival Into IPL (2013) [W/Eco] 1. MI - 1292/8.55 2. RCB - 1263/9.03 3. SRH - 1256/8.53 4. KKR - 1231/8.50 5. DD/DC - 1171/8.62 6. CSK - 1160/8.42 7. KXIP/PBKS - 1151/8.93 8. RR - 1014/8.81 9. GT - 508/9.11 10. LSG - 414/9.35 #SRH #IPL2026,SRH,neutral
673,"Although Sunrisers Hyderabad's IPL 2026 journey ended earlier than they would have wanted, these three monsters have absolutely owned it Take a look at thow Heinrich Klaasen, Ishan Kishan and Abhishek Sharma have fared in IPL 2026 #IPL2026 #SRH #HeinrichKlaasen",SRH,neutral
675,"Today marks 10 years of #SRH lifting the #IPL trophy for the first time. Until we lift that trophy again, that will continue to remain the most iconic moment in the history of the franchise. But as always, not a single tweet or post on the official @SunRisers accounts. Sort of",SRH,positive
676,Please make this trades if possible @srinathb @Prateek__Patil RR - Aman Rao MI - Hardik / Rutherford CSK - Ayush Mathare LSG - Inglis DC - Ashutosh KKR - Rinku PBKS - Suryansh Shedge #IPL2027 #SRH,SRH,neutral
677,#IPL2026 #SRH #VaibhavSooryavanshi How the Sooryavanshi storm ended Sunrisers’ title dream after dramatic revival SRH IPL 2026 autopsy,SRH,neutral
679,"Reverse-Sweeping the ball to the 2nd tier of the stadium for a Six. By Heinrich Klaasen is ""Absolute Cinema"" for me #SRH #MI #MIvSRH #IPL #IPL2026",SRH,neutral
681,RCB fans deserve better than another middle order collapse.,RCB,negative
684,"RCB again lost control in the death overs, same old story.",RCB,negative
685,"RCB tried a new combination today, let's see if it works in the next game.",RCB,neutral
686,"MI looked clinical today, their finishers handled the chase beautifully.",MI,positive
687,MI's bowling attack looked completely clueless in the powerplay.,MI,negative
688,MI made a few tactical changes but the result was mixed.,MI,neutral
689,Mumbai Indians know how to build pressure in big moments.,MI,positive
690,MI fans must be frustrated with this inconsistent batting order.,MI,negative
691,MI's new opener got starts but still has to convert them.,MI,neutral
692,CSK showed why experience still matters in T20 cricket.,CSK,positive
693,CSK's fielding looked slow and the energy was missing today.,CSK,negative
694,CSK played a steady game without doing anything extraordinary.,CSK,neutral
696,CSK cannot keep depending on late miracles every match.,CSK,negative
697,"CSK rotated their bowlers differently today, interesting move.",CSK,neutral
699,KKR threw away a winning position with careless shots.,KKR,negative
700,KKR had a balanced performance but lacked a final punch.,KKR,neutral
701,KKR's aggressive batting approach is so fun to watch.,KKR,positive
702,KKR's death bowling was painful to watch today.,KKR,negative
705,SRH wasted a great start and looked nervous under pressure.,SRH,negative
706,SRH scored quickly early but slowed down after the timeout.,SRH,neutral
708,SRH bowling without discipline is becoming a real problem.,SRH,negative
710,RR's young players showed fearless cricket and great maturity.,RR,positive
711,RR lost momentum because of poor shot selection.,RR,negative
714,RR's bowling plans were too predictable against strong hitters.,RR,negative
717,DC's batting collapse was disappointing after such a good start.,DC,negative
719,Delhi Capitals' pace attack looked sharp and hungry today.,DC,positive
720,DC missed simple chances and paid the price.,DC,negative
722,PBKS played fearless cricket and deserved this win.,PBKS,positive
723,PBKS again failed to close the game from a strong position.,PBKS,negative
724,PBKS had a few good spells but lacked consistency overall.,PBKS,neutral
726,PBKS bowling looked flat after the first six overs.,PBKS,negative
728,GT's bowling discipline is honestly one of the best in the league.,GT,positive
729,GT's batting looked too dependent on one or two players.,GT,negative
731,Gujarat Titans controlled the chase like a top-quality side.,GT,positive
732,GT's fielding errors made an easy match unnecessarily difficult.,GT,negative
734,LSG's middle order rescued the game with a brilliant partnership.,LSG,positive
735,LSG looked confused with their batting strategy today.,LSG,negative
737,Lucknow Super Giants showed great patience in a tricky chase.,LSG,positive
738,LSG gave away too many extras and lost control of the innings.,LSG,negative
740,"RCB's fans were loud, proud, and totally behind the team tonight.",RCB,positive
741,MI need to fix their opening partnership before the next match.,MI,negative
742,CSK's strategy was conservative but not completely wrong.,CSK,neutral
744,SRH's bowlers kept missing yorkers at the worst possible time.,SRH,negative
745,RR's batting depth gives them a real advantage this season.,RR,positive
746,"DC's chase was neither terrible nor convincing, just average.",DC,neutral
747,PBKS fans must be tired of these avoidable losses.,PBKS,negative
748,GT's calm approach under pressure is impressive.,GT,positive
750,RCB bowling at the death looked much improved compared to earlier games.,RCB,positive
751,MI's fielding standards dropped badly today.,MI,negative
752,CSK's opener started slowly but helped stabilize the innings.,CSK,neutral
753,KKR fans got a proper entertainer with that explosive batting display.,KKR,positive
754,SRH's middle order failed to support the openers again.,SRH,negative
756,DC's young batter showed great temperament under pressure.,DC,positive
757,PBKS made the chase harder than it needed to be.,PBKS,negative
758,"GT's innings was steady, practical, and result-focused.",GT,neutral
759,LSG's fast bowlers looked dangerous with the new ball.,LSG,positive
