post_id,tweet,subject_keyword,sentiment
1,Dj and Rayudu Bond Peak male content #CSK #dhoni #IPL2026 #IPL,CSK,positive
2,Slower One delivery from Nathan Ellis #CSK #RCB #GTvsRCB #RCBvsGT #IPLFinal,CSK,neutral
3,We used to own RCB with finished Uthappa and Dube. #IPL2026 #CSK - Those are the days.. https:// x.com/Tharabaaaphuu/ status/2060572712964325558/video/1 …,CSK,negative
4,That Overton anger costed us FairPlay Award. #IPL2026 #CSK,CSK,neutral
5,"Here is what R Ashwin said on live: ""PRASANNA HAMZA ALI"" VC: @ashwinravi99 YT #IPL2026 #CSK #RCB",CSK,neutral
6,"From years of heartbreak to building a champion legacy #RCB have now entered the elite club of back-to-back IPL winners, joining the likes of #MI and #CSK. What once felt impossible is now history. #ViratKohli ’s era of belief has finally transformed into an era of dominance.",CSK,neutral
7,"PDogg says he is from Tamil Nadu and played till U23. When it comes to #RCB or #CSK, his support will always be for RCB. Trolling is okay, but we shouldn't abuse anyone. #IPL2026 #RCBvGT VC: @ashwinravi99 YT",CSK,positive
8,Hardik Pandya trade is on and #CSK will definitely be interested. Hardik Pandya Dube + Khaleel - Hanuma Vihari - well explained #IPL2026 VC: @Hanumavihari YT,CSK,neutral
9,We lost a trophy from here!! What were you thinking after from Watson? #IPL2026 #CSK,CSK,positive
10,My Player Ratings: #CSK IPL 2026 Ruturaj:- 6.8/10 (Captain 6/10) Sanju Samson:- 9.6/10 Ayush Mhatre:- 8.8/10 Kartik Sharma:- 7/10 Shivam Dube:- 5/10 Dewald Brevis:- 4.5/10 Sarfaraz Khan:- 6/10 Urvil Patel:- 7/10 Jamie Overton:- 9.2/10 Anshul Kamboj:-,CSK,neutral
11,No Look Pro Max #Brevis #CSK #IPL,CSK,neutral
12,"Retirement or one more season? As speculation over MS Dhoni's future refuses to die down, @VTrips_7781 tries to connect the dots and explore what could be next for the CSK talisman. @Wowmomo4u #CSK #IPL #MSDhoni",CSK,neutral
13,Scenes at Chepauk in IPL 2027 #CSK #IPL2026,CSK,neutral
14,"If we somehow get Hardik, we should give Sai Kishore a chance. That would allow Ellis to slot into the playing XI #CSK #IPL2026",CSK,neutral
15,"Back to back trophies won: #CSK - 2010, 2011 #MI - 2019,2020 #RCB - 2025,2026 Once again congratulations RCB. #IPL2026",CSK,positive
16,"Dear Stephen Fleming, Thank you for the 5 trophies and the memories. But as #CSK fans, we're tired. For years we've watched the same mistakes repeat with wrong combinations, players used out of position, and performers dropped without backing. The painful part? Every fan could",CSK,positive
17,From 50 off 20 to 22 off 15!! Remember the name - Ambati Rayadu #IPL2026 #CSK,CSK,neutral
18,Troll chesina antha Easy kadhu ra Trophies kottadam #CSK #WhistelPodu #Msdhoni #Yellove,CSK,negative
19,How did we not sign him? #CSK @ChennaiIPL bruhhh #IPL2026,CSK,neutral
20,"If Kasi Thatha doesn't bring him into the dressing room, then we are doomed for another 3-4 years!! @mukundabhinav proves why he is the cricket Chanakya again. #IPL2026 #CSK",CSK,neutral
21,"CSK told to get Hardik Pandya in trade deal with Mumbai Indians, transfer these two players #HardikPandya #CSK",CSK,neutral
22,"If cooking is an art, then #CSK admin is Picasso. #IPL2026 #WhistlePodu #RCBvGT",CSK,neutral
23,He played an random unnecessary innings and ruled us out of the tournament. He also got ruled out for Australia. #IPL2026 #CSK,CSK,neutral
24,"CHENNAI SUPER KINGS - The only team to not concede an individual century in #IPL2026 With the injuries of Ellis, Khaleel Ahmed and Gosh, this is an incredible effort. #CSK",CSK,positive
25,Vadu malli india team loki vastunada.. blud going for comeback.. make it conut @Ruutu1331 na.. #csk #msd,CSK,positive
26,"Liam Livingstone today in #VitalityBlastT20 81 (37) 4-13-3 with the ball Power-hitting + useful overs = exactly the kind of impact player teams look for. #CSK fans, should we go for him? #IPL2026 #T20Cricket",CSK,positive
27,"#CSK definitely needs an overseas opener and an overseas finisher!! Whenever we won the IPL, we had players from overseas. Hussey, Faf, Watson, Conway! I know the top order is packed, so at least we need a good finisher. #IPL2026 #WhistlePodu",CSK,positive
28,Any one reason why Kuldip Yadav was signed by #CSK instead of Ayush Vartak? 39(21) SR: 186 83(41) SR: 202.4 #IPL2026,CSK,neutral
29,R Ashwin wants CSK to change three aspects after poor IPL 2026. One is auction strategy #Ashwin #CSK,CSK,negative
30,2023 was pure cinema. #CSK under #MSDhoni: • Finished 2nd in the league stage • Beat GT in Qualifier 1 • Rain-hit Final drama • 171 target reduced to 15 overs • Last over thriller • #RavindraJadeja finishes it with 10 needed off 2 balls • Fifth #IPL,CSK,neutral
31,"1. CSK vs GT final attendance - 1,06,847 2. RCB vs GT final attendance - 82,773 3. RCB vs PBKS final attendance - 88,974 When you are Big, you are Big. #CSK #MSdhoni",CSK,positive
32,"Chennai streets aren't ready for this trio, Hardik Pandya Ben Stokes Jamie Overton CSK fans, would you take this trio? #CSK #IPL2026",CSK,positive
33,Breaking News- Mumbai Indians is in talks with Chennai super kings for a trade. Source - Dreaming #CSK fans #IPL2026,CSK,positive
34,Forget about Hardik Pandya! Are you #CSK fans okay with this trade? #IPL2026,CSK,positive
35,"This Day 2023, IPL witnessed the iconic finish and CSK clinched the 5th Title #WhistlePodu #CSK",CSK,neutral
36,"On this day (2023), #CSK sealed their 5th IPL trophy with an iconic last-ball finish.",CSK,positive
37,Instagram full with Ishan Kishan trolls X tl full with Ishan Kishan trolls Ishan Kishan instagram comments section crossed 1 lakh ++ He didn't expect this much trolls You Messed with the wrong fandom @ishankishan51 #CSK,CSK,neutral
38,Still….. #CSK 5 Trophies #RCB 2 Trophies,CSK,neutral
39,Ye stage nundi ye stage ki vachav anna @Ruutu1331 Okka comeback ivvu anna direct ga velli playing leven lo kurchovala ‍ #ruturaj #csk,CSK,positive
40,I can't handle it because its so cold #CSK #MI #RCB,CSK,neutral
41,I hadn’t thought of a double meaning to #ManOfTomorrow - I hope the movie really is that clever! #DC,DC,positive
42,"మన శ్రీకాకుళం కుర్రాడు, యువ స్పిన్ ఆల్‌రౌండర్ త్రిపురాన విజయ్ ఢిల్లీ క్యాపిటల్స్ ( #DelhiCapitals ) తరఫున ఐపీఎల్‌లో అరంగేట్రం చేయడం మన తెలుగువారందరికీ, ముఖ్యంగా నా టెక్కలి ప్రజలకు ఎనలేని సంతోషాన్ని ఇచ్చింది. ​ఏపీఎల్, డొమెస్టిక్ క్రికెట్‌లో అద్భుతంగా రాణించి, ప్రపంచంలోనే అతిపెద్ద",DC,neutral
43,Raga Of Revenge Ft @AdiviSesh @mrunal0801 #Dacoit #DC,DC,neutral
44,Exact 75 in #RajasthanRoyals power play. Scored less than 220 and match won by #DelhiCapitals All boxes ticked. #DCvsRR #RRvsDC #IPL2026,DC,neutral
45,batman looking at the batitele with baticerveza and batifacturas #BATMAN #Argentina #dc #fanart,DC,neutral
46,Himesh Reshammiya delivered a spectacular live performance in New Delhi before the IPL 2026 clash between Delhi Capitals and Rajasthan Royals. His explosive show filled the stadium with energy and excitement even before the match began. #HimeshReshammiya #IPL2026 #DelhiCapitals,DC,neutral
47,The best Batman edit ever holy peak credit to endure.vfx #batman #dc,DC,positive
48,happily married #dc #harveydent #gildadent,DC,neutral
49,How far #DC Superman can through this levels?,DC,neutral
50,DC dropped summer pics of several characters So here is one of Jason Todd #DC #JasonTodd #DCComics,DC,negative
51,#Sunrise on Saturday over the Old Post Office tower in #DC! @capitalweather @StormHour,DC,neutral
52,Street monster rx7 quad rotor MASSIVE TURBO #dc #polska #viral #rx7 #rotory,DC,neutral
53,couldnt decide which one I liked the most #dc #dccomics #starfire,DC,neutral
54,"Bit late to the party, but what a great trailer this was #DC. Loved @ArunMatheswaran work & looking forward to see @Dir_Lokesh in this version, with @anirudhofficial Music. Best wishes to the entire team of @sunpictures",DC,positive
55,"Listen to me say ""I love you"" ten thousand times #dc #DamianWayne #jondami #supersons #JonathanKent",DC,positive
56,Poison ivy x Harley Quinn #dcfanart #dc #poisonivy #harleyquinn,DC,neutral
57,"#IPL seasons without a Playoff spot What's plaguing #DelhiCapitals @bhogleharsha, @joybhattacharj & @gauravkapur review #IPL2026 @GoogleIndia",DC,neutral
58,This experienced and balanced coaching unit has the potential to deliver consistent performance and bring the IPL trophy to Delhi What are your thoughts DC fans? #DelhiCapitals #DC2027 Comment or quote your choice Doc - Head Coach- Battingcoach- Bowling coach- Mentor -,DC,positive
59,"You know, now that I think about it, I really should've put Springtrap on the heroes' side; he's so nice. I mean, he was even kind enough to give Batman a new mask. Either way Afton is the next ""villain"" to win in Heroes Vs. Villains #DC #FNAF #DEATHBATTLE",DC,positive
60,IPL 2025: 539 Runs • 54 Avg • 150 SR IPL 2026: 593 Runs • 46 Avg • 175 SR From Tuk tuk innings to complete mass domination… @klrahul back-to-back massive seasons for @DelhiCapitals #KLRahul𓃵 #DelhiCapitals #IPL2026,DC,neutral
61,"Happy 74th birthday to writer Mike W. Barr. Co-creator of Damian Wayne (1987’s Batman: Son of the Demon), Barr began in the 1970s writing within DC’s ‘Detective Comics’ and was a major presence within Batman’s mythos throughout the 1980s to the early 2000s. #Batman #DC",DC,positive
62,"KL is not going anywhere, Reports say that KL is set to be made the captain of DC. Axar's captaincy tenure is over i guess & will play as a player & might not be traded too. #IPL #DC #Trade #Deal #ipl_2026",DC,neutral
63,Seattle Orcas Bowling coach: Jason Gillespie Feilding coach: R sridhar #DelhiCapitals @t20tracker #MLC2026,DC,neutral
64,"It's beautiful, isn't it! #reflectingpool #DC #presidenttrump #LincolnMemorial #WashingtonMonument",DC,positive
65,"#DelhiCapitals finish strong A superb half-century from #KLRahul, solid support from #AxarPatel and explosive finishing from #DavidMiller help #DC post 203. Who’s winning this one? #TATAIPL | #KKRvDC | LIVE NOW https:// hotstar.onelink.me/UsKp/0uptrxl8",DC,positive
66,"#DelhiCapitals sign off in style! A dominant all-round show, led by the batters and sealed by the bowlers, helps them finish their campaign on a high. Next up #TATAIPL Playoffs! #KKRvsDC | #AjinkyaRahane, #KuldeepYadav, #KKR, #DC",DC,positive
67,"KL Rahul registers 50th fifty-plus score in IPL, 8th 500-run season; joins elite list Read @ANI Story | https:// aninews.in/news/sports/cr icket/kl-rahul-registers-50th-fifty-plus-score-in-ipl-8th-500-run-season-joins-elite-list20260518103958/ … #KLRahul #DelhiCapitals #IPL2026 #cricket #DCvsRR",DC,neutral
68,What if Black Canary yodeled instead? Anyways thanks for listening to my Ted Talk/Yodel #dc #dccomics,DC,positive
69,#KKRvsDC | Kolkata Knight Riders won the toss and elected to field first #kolkataknighriders #DelhiCapitals #Toss #ATCard #AajTakSocial #IPL2026,DC,positive
70,RISHABH PANT TO DELHI CAPITALS? A sensational reunion could be on the cards as DC push to bring Pant back. Talks are reportedly moving in the right direction. #RishabhPant #DelhiCapitals #IPL,DC,neutral
71,HARDIK PANDYA IN DELHI CAPITALS? #hardikpandya #ipl2027 #delhicapitals,DC,neutral
72,"#new A lawsuit to stop the UFC Freedom 250 event scheduled for the White House Lawn on June 14th to celebrate the nation's 250th birthday has been filed. #DC Paul Romano, and Susan Douglas, both of Virginia filed the lawsuit to stop the celebration. #ufc The complaint claims",DC,positive
73,Poor home record to toothless bowling and slow batting Inside #DelhiCapitals ’ failed #IPL2026 campaign,DC,negative
74,I'm damn sure that these two movies are gonna be #DC #Slumdog #VijaySethupathi #LokeshKanagaraj,DC,neutral
75,RISHABH PANT WAPIS AAYENGE DELHI CAPITALS? #rishabhpant #delhicapitals #ipl2027 #axarpatel,DC,neutral
76,"Horrific details shared during arraignment of #DC mom accused of so severely neglecting her twins, her 13-month-old daughter dies of malnutrition. @DHamburgReports has the disturbing story on @DCNewsNow: https:// dcnewsnow.com/news/local-new s/washington-dc/twin-baby-girl-found-dead-malnourished-in-dc-mother-charged-with-murder/ …",DC,neutral
77,Rinku Ka Tiyag Dhenayki Planning!! Laykin Coach Saab Nahi Maanrey Hay #KKR #MI #DC #CSK #ipl_2026,DC,neutral
78,Swamp Thing #DC #Vertigo,DC,neutral
79,Poison Ivy by Jim Lee #PoisonIvy #Batman #DC #Comics #DCComics,DC,neutral
80,14 POINTS KE SAATH DC KAREGA PLAYOFF MEIN ENTRY? #delhicapitals #axarpatel #klrahul #davidmiller #ipl2026,DC,neutral
81,"News Tim David of @RCBTweets has been fined 50% of his match fee for breaching Level 1 of the IPL's Code of Conduct for Players and Team Officials during the #TATAIPL 2026 Final against #GT at the Narendra Modi Stadium, Ahmedabad. Details",GT,positive
82,My calculations say that #team #GT will defeat #RCB in the final to win #IPL2026 title.,GT,positive
83,The stage is grand but the approach remains simple Shubman Gill shares #GT 's mindset heading into the #TATAIPL Final #Qualifier2 | #TheFinalLeap | #GTvRR | @ShubmanGill | @gujarat_titans,GT,positive
84,"Rajasthan Royals won, kya? A local Punjabi boy sent the RR buses back to Jaipur #PBKS #PunjabKings #GT #Gill #Shreyas #RRvGT #Punjabi",GT,neutral
85,IPL Final - 2026.. #RCB vs #GT.. RCB గెలుస్తున్నాం.. Back to back IPL cups..,GT,positive
86,"Today, the big difference between team #RR and team #GT was a Chichora captain #Parag and a mature and talented captain @ShubmanGill. If a team is having a Chichora captain then the team can never win the title. #LSG & #DC are also having Chichora captains.",GT,neutral
87,RCB Victory Flag!! IPL 2026 Champions Royal Challengers Bengaluru RCB wins the cup for the second consecutive time with a victory over the Gujarat Titans team Kohli who stunned in the finals (75 runs) #RCB #GT #Viratkohli #RCBvsGT #IPLFinal,GT,positive
88,"This is more evident from the fact that RCB has only #ViratKohli in top 10 run getters list from #IPL2026 whereas #GT has 3(Sai, Gill and Buttler) and #SRH also have 3 (Abhishek, Ishan Kishan and Klassen) but still #RoyalChallengersBangaluru managed to win the trophy as their",GT,positive
89,#IPL2026Final: RCB vs GT Revenge or another nightmare? RCB destroyed GT in Qualifier 1 and the whole RCB fanbase celebrated like they had already won their second title. Now GT have dragged themselves back into the final. It’s either revenge time for #GT … or another brutal,GT,positive
90,IPL Final 2026 as per my Astro-numero prediction GT vs RCB Winner GT ( Gujarat Titans ) Let’s see if the universe delivers another accurate call tonight. 2023 2024 2025 2026?? Lets see #GT #RCB #ipl #iplhighlights #astrology #numerology #IPL,GT,positive
91,How good has Rasikh Dar been this season? Two impressive scalps to halt #GT Updates https:// bit.ly/TATAIPL-2026-F inal … #TATAIPL | #Final | #TheFinalLeap | #RCBvGT,GT,positive
92,"Upping the ante with the same class Shubman Gill goes BANG, BANG leading #GT 's charge Updates https:// bit.ly/TATAIPL-2026-Q ualifier2 … #TATAIPL | #Qualifier2 | #TheFinalLeap | #GTvRR | @gujarat_titans",GT,positive
93,"A huge congratulations to @gujarat_titans for reaching to final of #ipl2026. Today, Team #GT completely outplayed team #RR!",GT,positive
94,The two most consistent teams in recent years are facing each other in the final tonight. #RCB #GT #IPL2026 #IPLFinal,GT,positive
95,Innings Break! Washington Sundar fights back but an all-round effort from #RCB restricts #GT to Scorecard https:// bit.ly/TATAIPL-2026-F inal … #TATAIPL | #Final | #TheFinalLeap | #RCBvGT,GT,positive
96,The most fuckin boring team of the league ever. Even kochi tuskers was far more fun #GT,GT,negative
97,Gritty fifty from #WashingtonSundar! The #GT all-rounder makes the most of the opportunity after being dropped by #JordanCox. #TATAIPL 2026 FINAL | #RCBvGT | LIVE NOW https:// hotstar.onelink.me/UsKp/vpjf0zlw,GT,neutral
98,Is this IPL final or Maha Sivaratri? What was that?? Why bring in religion into sports? @BCCI #IPL #RCB #GT #Cricket,GT,positive
99,Qualifier 2. Shubman Gill. Big runs A combination that continues to deliver for #GT #TATAIPL | #Qualifier2 | #TheFinalLeap | #GTvRR | @ShubmanGill,GT,neutral
100,"Innings Break! Another #RR charge, led by Vaibhav Sooryavanshi Will #GT chase down the to enter the Final? Scorecard https:// bit.ly/TATAIPL-2026-Q ualifier2 … #TATAIPL | #Qualifier2 | #TheFinalLeap | #GTvRR",GT,positive
101,"𝙄𝙩 𝙖𝙡𝙡 𝙘𝙤𝙢𝙚𝙨 𝙙𝙤𝙬𝙣 𝙩𝙤 𝙩𝙝𝙞𝙨 Will #RCB make it back-to-back titles and cement their dominance? Or will #GT rise once again and add a second IPL crown to their collection? #TATAIPL 2026 FINAL #RCBvGT | SUN, 31st MAY, 6 PM",GT,positive
102,"Aava De! Shubman Gill and the Gujarat Titans squad are back in their home city for the #TATAIPL Final! Will #GT lift their second title in front of their home crowd? #TATAIPL 2026 FINAL #RCBvGT | SUN, 31st MAY, 6 PM",GT,positive
103,Final set #RCB vs #GT ela iyna gelavali ra @RCBTweets inkoka decade manalni yevadhu touch cheyadhu @rrjjt_01 anna ichina matta marchipoku hamza,GT,positive
104,"With the Gujarat Titans arriving less than 24 hours before the IPL 2026 final, former India captain Sunil Gavaskar says he felt the final could have been shifted to Monday to ensure a fairer turnaround and adequate rest for GT. #IPL2026 #RCB #GT #RCBvsGT | @NikhilNaz",GT,positive
105,Shubman Gill breaks his silence following Gujarat Titans' defeat in IPL 2026 Final #IPL2026 #GT #ShubmanGill,GT,positive
106,"The road has been long, the mission isn't over #GT one #Final step away from the second #TATAIPL title #TheFinalLeap | #RCBvGT | @gujarat_titans",GT,positive
107,"If Virat Kohli Or Shubman score 50 Plus Runs today, I will transfer 500₹ to one of my followers replying to this post #RCBvGT #RCB #GT #IPL2026",GT,neutral
108,IPLની ફાઇનલથી અમદાવાદના હોટલ બિઝનેસને ચાંદી જ ચાંદી #IPL #IPL2026 #GT #GTvsRCB #hotelbusiness #toursandtravells #narendramodistadium #jamawat,GT,neutral
109,IT'S TIME. #RCB or #GT - Who will be crowned the TATA IPL 2026 Champions? #TATAIPL 2026 FINAL | #RCBvGT | LIVE NOW!,GT,positive
110,This was always going to happen. Only #RR was capable of stopping #RCB Rampage. Congrats Champion RCB once again! #GT was never worthy.,GT,positive
111,What a shot! #ShubmanGill making his intent very clear! He's hit that with absolute authority as #GT claim a commanding position in the chase. #TATAIPL Qualifier 2 #GTvRR | LIVE NOW https:// hotstar.onelink.me/UsKp/0mvcuy4z,GT,neutral
112,"Fire Breaks Out in Gujarat Titans' Bus After IPL Final, All Players Safely Evacuated ◆ The players' bus was returning to the hotel after the match when a fire broke out due to a short circuit in the bus ◆ After waiting for a while, another bus was arranged and the players",GT,positive
113,"The Prince’s territory! 3 years later, #ShubmanGill steps up again to take #GT to the final! #TATAIPL #RRvsGT",GT,positive
114,"ROYAL CHALLENGERS BENGALURU WIN IPL 2026! Rajat Patidar’s men make history. When it mattered most, King Kohli delivered once again. A disappointing batting performance from #GT on the biggest stage. #RCBvsGT",GT,positive
115,"When #GT needed a fighter, Arshad Khan answered. Swinging back with pure intent. #TATAIPL 2026 FINAL | #RCBvGT | LIVE NOW https:// hotstar.onelink.me/UsKp/vpjf0zlw",GT,positive
116,"A resolute counter from Nishant Sindhu. The #GT batters dealt in boundaries, easing the powerplay pressure on his team. #TATAIPL 2026 FINAL | #RCBvGT | LIVE NOW https:// hotstar.onelink.me/UsKp/vpjf0zlw",GT,positive
117,"Shubman Gill Sai Sudharsan Both #GT openers, with 700+ runs each this season, had an outing to forget in the final! #TATAIPL 2026 FINAL | #RCBvGT | LIVE NOW!",GT,positive
118,"VIDEO | Ahmedabad: Former India captain Sourav Ganguly arrives in Ahmedabad ahead of the RCB vs GT IPL final clash. He says, “You can’t predict who will win, so hopefully we have a good game tonight.” #IPL #RCB #GT (Full video available on PTI Videos - http:// ptivideos.com )",GT,positive
119,Nishant Sindhu was promoted to No. 3 in the final ostensibly to protect Jos Buttler. GT’s director of cricket Vikram Solanki washed his hands of the decision and passed the onus to head coach Ashish Nehra. #GT @shamik100,GT,positive
120,Gujarat Titans Reach IPL Final for the Third Time ◆ Defeated Rajasthan Royals by 7 Wickets #RRvsGT | #GT | #ShubhmanGill |,GT,positive
121,"If #KKR decides to release Matheesha Pathirana, should CSK go for him again? Thoughts, CSK fans? #IPL2026 #CSK",KKR,positive
122,The best team by a good distance this season are about to win the @IPL.. Quality display by all the players but Gautam Gambhir has brought that sprinkle of cricket strategy thinking.. #KKR,KKR,positive
123,"LATEST SCOOP #KKR are seriously eyeing a BIG move for #IshanKishan Strong discussions are reportedly underway, and sources close to the franchise reveal that KKR management is pushing aggressively to make the deal happen through a possible trade move If this goes",KKR,positive
124,"Lalit Modi reveals initially #ShahRukhKhan hesitated to buy #KKR by telling ""‘Rs 20 cr is a big part of my savings’"" Modi said #SRK ’s one of the concerns was financial. “He asked me, ‘If I happen to win a team, how much is it going to cost?’ I told him the down payment",KKR,neutral
125,PBSDK laughed at a washout game Lo ditta ek point Father remains father History never changes 12 years ago Final vich KKR ne PBSDK nu rula ditta si #KKR | #TATAIPL | #IPL2026,KKR,positive
126,Breaking: Strong talks are reportedly going on between Ishan Kishan and KKR. Insider sources from within KKR management suggest that the franchise is aggressively pushing to bring Ishan Kishan in through a potential trade deal. #KKR #IshanKishan U heard it first here!!,KKR,positive
127,"If this guy didn't come back in 2024, #KKR and #RCB would've had the same number of trophies.",KKR,neutral
128,"He could play for any of the IPL teams as well next season except #KKR cause as soon as we sign him in the auction petition to ban him will start, he can play entire season without any problem if he goes to any other team.",KKR,negative
129,"𝗔𝗟𝗠𝗢𝗦𝗧 𝗗𝗢𝗡𝗘 𝗙𝗢𝗥 𝗞𝗞𝗥 Hardik Pandya to KKR is almost a done deal, but Venky Mysore's history with trade deals is a concern. KKR shouldn't tamper with the core of this squad. If this move compromises the team's balance, it should be called off. #KKR #IPL",KKR,neutral
130,#MI shouldn't even dare to even utter the name of any of these 3 players in return while it comes to a trade of Hardik Pandya. These 3 should never ever ever ever leave #KKR.,KKR,neutral
131,Matheesha Pathirana has been ruled out of: - T20 World Cup 2026 - IPL 2026 - MLC 2026 - LPL 2026. What a downfall at his young age #IPL2026 #KKR #CSK,KKR,positive
132,Knight Army Which player among these would you love to see playing for KKR in future #KKR | #TATAIPL | #IPL2026,KKR,positive
133,Vaibhav should thank his lucky stars it wasn't #KKR making a bid for him else he would be sitting on the bench for 3 years learning how to rotate strike inside powerplay from Ajju Da.,KKR,positive
134,KKR Nation Would you accept this trade? #KKR | #TATAIPL | #IPL2026 | #MI,KKR,neutral
135,Rahane sees a big future for Kartik Tyagi and Anukul Roy. #IPL2026 #KKR,KKR,neutral
136,"𝗞𝗡𝗜𝗚𝗛𝗧 𝗛𝗘𝗔𝗗𝗟𝗜𝗡𝗘𝗦 Told it way before — KKR looked very positive and I had already said it was pretty much confirmed from their side. Even now, I'm standing by that KKR are showing the stronger intent and are pushing harder to make it happen. Have patience #KKR",KKR,neutral
137,"I just pray to God, #KKR doesn't fumble him like we did with Shubman Gill. He has the same ceiling as Gill.",KKR,neutral
138,⪼ 𝗘𝗫𝗣𝗘𝗖𝗧 𝗧𝗛𝗘 𝗨𝗡𝗘𝗫𝗣𝗘𝗖𝗧𝗘𝗗 ⪻ #kkr,KKR,neutral
139,BIGGEST NEWS OF THE MONTH Hardik Pandya and Venky Mysore were on a Zoom call today regarding Hardik's future. Several senior KKR officials were also present. Sources indicate both parties were satisfied when the call ended. Almost done #KKR #HardikPandya #IPL,KKR,neutral
140,RCB fans Celebrate until your father is on national duty Hopefully your biggest nightmare Gautam Gambhir will be back in KKR soon And he'll remind #RCB where it truly belongs #KKR #RCBvsGT #IPL2026,KKR,positive
141,"Easing the pain of #KKR ’s season finale with “a simple, small film, with a big heart.” Guaranteed by #ShahRukhKhan to lift my spirits. #AlwaysKabhiKabhi",KKR,neutral
142,"I’d love to have him at #KKR but I’m sure if it happens #MI will want someone like Rinku in return and I don’t want that. Rinku is a proper #KKR player, if it’s an all cash deal which is unlikely then only it should happen.",KKR,positive
143,Jaiswal to #KKR will make the most perfect transfer for both us and the player. We will finally have an Indian opener captain and Jaiswal will be the poster boy of #KKR. Also our opening will be sorted for the next decade with Jaiswal and Finn Allen.,KKR,neutral
144,"If RCB wins the IPL again next year, they'll be level with KKR in trophies Who would've thought just 2 years ago that RCB and KKR would be tied on IPL titles one day? Nobody All because of one disastrous bid. KKR fans will never forget that Venky Mysore masterclass. #Rcb #kkr",KKR,positive
145,CAMERA LOCATION CAUTION ON THE NORTH-SOUTH HIGHWAY (PLUS) #KKR #MalaysiaMADANI #MADANIBekerja #TangkasBertindak #YakinMADANI,KKR,neutral
146,"Once laggards in the points table.. How did #KKR bounce back in #IPL2026 @bhogleharsha, @joybhattacharj & @gauravkapur answer @GoogleIndia",KKR,neutral
147,"Ab Jitni marzi, utni selfies lo aur storage ki fikar ko kaho NO Get 5000 GB cloud storage with Google Gemini Pro, now FREE with Jio subscription. Link: https:// jio.com/dl/sm-cn #KolkataKnightRiders #KKR #Google #Jio",KKR,neutral
148,"#AjinkyaRahane #KKR #IPL2026 ""Everybody was throwing darts at him"" Former India cricketer has named Ajinkya Rahane as the best captain of IPL 2026 despite KKR missing out on the playoffs.",KKR,positive
149,Mitchell Starc gifted his signed Delhi Capitals jersey to Matheesha Pathirana #Cricket #KKR #IPL2026,KKR,neutral
150,Rinku Ka Tiyag Dhenayki Planning!! Laykin Coach Saab Nahi Maanrey Hay #KKR #MI #DC #CSK #ipl_2026,KKR,neutral
151,"Shah Rukh Khan said Rs 20 crore was a huge investment, so was hesistant to buy KKR at IPL, says Lalit Modi: 'Mobile company sponsored, gave $5 million advance' #ShahRukhKhan #IPL #KKR #kolkataknightriders #LalitModi",KKR,neutral
152,#KKRvsMI | Delhi Capitals have set a target of 204 runs for Kolkata Knight Riders #KKR #MI #ATCard #AajTakSocial #AajTakST #ipl2026,KKR,neutral
153,"Batters search for answers, but the mystery remains Sunil Narine's economies over the years in the IPL are absolutely out of this world #IPL #IPL2026 #KKR #SunilNarine",KKR,neutral
154,Happy Birthday Cameron Green KKR always had some great overseas all rounders Jacques Kallis then Andre Russell Now it's your turn Hopefully you become another success story & a big part of KKR's future #KKR | #TATAIPL | #IPL2026,KKR,positive
155,"1 June 2014 The day #KolkataKnightRiders Conquered the throne for second time & etched their name into IPL history. A night of passion, belief & glory that every #KKR fan will cherish forever. @iamsrk @KKRiders #KorboLorboJeetbo #King #ShahRukhKhan #SRKClubDelhi",KKR,positive
156,"Was #ShahRukhKhan Hesitant To Buy #IPL Team #KKR? #LalitModi Says, “Rs 20 Cr Was A Huge Investment” #bollywoodbubble",KKR,neutral
157,We can trade for Matheesha Pathirana in place of Cameron Green in Mumbai #kkr,KKR,neutral
158,"Ajinkya Rahane speaks on handling pressure and staying calm despite a difficult season The KKR skipper reflected on his captaincy future and stressed the importance of character, patience and not panicking even after a run of losses #AjinkyaRahane #KKR #IPL2026",KKR,neutral
159,"T20 World Cup winner IPL champion 628 wickets in T20s 190 wickets in List A cricket Wishing a very happy birthday to one of the greatest T20 bowlers of all time, Sunil Narine #Cricket #KKR #SunilNarine",KKR,positive
160,Happy Birthday to Cameron Green. I loved every moment of him this season in a #KKR jersey and hopefully it continues for the next 10 years. He's perfectly #KKR coded.,KKR,positive
161,Crystal Palace are bowling beautifully in the IPL … #LSG,LSG,neutral
162,Rishabh Pant steps down as #LSG captain. A fresh start ahead — but what’s next for him now? #Aakashvani #IPL,LSG,positive
163,"Rishabh Pant continuously chirping from behind the stumps, laughing with his team mates, he's just enjoying life while playing for India, that wasn't the case for 2 months while playing for #LSG may be the captaincy burden got to him as well. During #IPL we hardly heard him talk",LSG,neutral
164,People who got cortisol spike from a 5-minute Lord Shiva-themed halftime show in the final are not ready for what's waiting for them in IPL 2027. #VaranasiCricketStadium #LSG,LSG,neutral
165,Any of the 8 other teams other than #GT would've put up a better fight in this final. Even #LSG would have.,LSG,positive
166,"Really sick and tired of Goenka’s slander He is paying them fcking 27Cr for a 2 month job, results are expected Try being among the bottom 2 performers in your office, and see how your manager reacts while paying you 1% of that #IPL #LSG #PANT",LSG,neutral
167,"#BREAKING: Rishabh Pant steps down as Lucknow Super Giants captain, franchise posts the information #LSG",LSG,positive
168,#Rishabpant has Stepped Down as #LSG Captain.,LSG,neutral
169,"What's Rishabh Pant's future with #LSG @joybhattacharj, @bhogleharsha & @gauravkapur discuss #IPL2026 @GoogleIndia",LSG,neutral
170,A proud father #Cricket #SachinTendulkar #LSG #IPL #ArjunTendulkar,LSG,positive
171,#RishabhPant steps down from #LSG captaincy,LSG,neutral
172,"PANT QUIT CAPTAINCY IN IPL, LSG KO 27CR. KA CHOONA? #rishabhpant #ipl2026 #lsg",LSG,neutral
173,"After another underwhelming IPL season, with LSG finishing at the foot of the table, head coach Justin Langer is on a slippery slope. Kane Williamson could be set for a bigger role going ahead. #LSG #IPL @shamik100",LSG,neutral
174,IPL #ipl #lsg #iplt20,LSG,neutral
175,Rishabh Pant has been relieved of his captaincy duties following his request. #IPL2026 #lsg #RishabhPant,LSG,neutral
176,"Wooden spoon in What do #LSG need to fix for @bhogleharsha, @joybhattacharj & @gauravkapur review @GoogleIndia",LSG,neutral
177,Rishabh Pant steps down as LSG captain after disastrous IPL 2026 campaign Read @ANI Story | http:// aninews.in/news/sports/cr icket/rishabh-pant-steps-down-as-lsg-captain-after-disastrous-ipl-2026-campaign20260529174033/ … #RishabhPant #LSG #LSGCaptaincy #LucknowSuperGiants,LSG,neutral
178,Why Did Rishabh Pant Leave the Captaincy of Lucknow Super Giants? #RishabhPant #LSG #LucknowSuperGiants #IPL #IPL2026 #CricketNews #ATDigital,LSG,positive
179,"Rishabh Pant, who joined the franchise for a record-breaking auction price, couldn't live up to the expectations. #Cricket #LSG #RishabhPant",LSG,neutral
180,Rishabh Pant's Withdrawal! #RishabhPant | #LSG | #LucknowSuperGiants | #IPL2026,LSG,neutral
181,Rishabh Pant with Goenka Saab LSG #GTvsRR #LSG,LSG,neutral
182,"EXCLUSIVE ""Ab sab chukk jayega"" The IPL dream that will free Mukul Choudhary's family from debt READ: http:// toi.in/xYPzLa35 LSG batter speaks to @amitkumar104 #MukulChoudhary #LSG #IPL2026",LSG,neutral
183,"#RishabhPant #LSG #IPL2026 BREAKING: Rishabh Pant has stepped down as Lucknow Super Giants captain with immediate effect. LSG confirmed that Pant himself requested to be relieved of captaincy duties, and the franchise has accepted the decision.",LSG,positive
184,"Rishabh @RishabhPant17 is not going anywhere He is part of LSG setup, All News related to his transfer are false. Mitchell Marsh will be new captain of LSG #lsg #rishabhpant",LSG,neutral
185,"After LSG's poor performance in IPL 2026, Rishabh Pant steps down as captain; franchise shares info via special post. #IPL2026 #LSG #RishabhPant #ABPNews",LSG,negative
186,#RishabhPant #LSG #Pant #LucknowSuperGiants How Rishabh Pant’s Rs 27 crore LSG move turned into an IPL disaster in just two seasons READ,LSG,negative
187,Rishabh Pant Quits As LSG Captain After Disappointing IPL 2026 Season The move comes after Lucknow Super Giants endured a poor IPL 2026 campaign under Pant’s leadership. #RishabhPant #LSG #IPL2026 #LucknowSuperGiants #IPL,LSG,neutral
188,From dreams of five IPL titles to a captaincy stint that ends without silverware. #IPL2026 #LSG #Cricket #Sportskeeda,LSG,neutral
189,Lucknow Super Giants have released a statement announcing that Rishabh Pant has been relieved of his duties as the team captain. #Cricket #LSG #IPL2026,LSG,positive
190,"Rishabh Pant ends his stint as LSG captain on a disappointing note after finding himself on this unwanted list Hopefully, Pant bounces back stronger next season and rediscovers his best form both as a batter and leader #RishabhPant #LSG #IPL2026 #Sportskeeda",LSG,positive
191,Rishabh Pant से क्यों कप्तानी छीनेगी LSG? #ATDigital #RishabhPant #LSG #IPL2026 #LucknowSuperGiants #CricketNews,LSG,neutral
192,"Sad that he couldn't get opportunities soon enough in the #IPL, despite it being clear that #LSG wasn't going to make it to the playoffs. He is tall, has a higher release point. All that he needs is a bit more pace. Besides, he is a big hitter down the order.",LSG,neutral
193,"#LSG should do one thing: instead of removing Rishabh Pant from the captaincy, they should request BCCI to remove their franchise from the IPL. From the owners to the jersey to the stadium to the team name to the logo, everything is the worst. #IPL2026",LSG,negative
194,BREAKING: Rishabh Pant steps down as Lucknow Super Giants captain #RishabhPant #LSG #IPL2026,LSG,positive
195,"With Rishabh Pant stepping down from the captaincy, which player do you think has the best chance of leading LSG in the upcoming IPL season? #IPL2026 #LSG #Cricket #Sportskeeda",LSG,positive
196,Captain Pant Quits Captaincy! #LSG | #RishabhPant | #IPL2026 | #TamilNews | #LatestNews | #NewsUpdate,LSG,neutral
197,"What lies at the heart of owning an @IPL team? Our Vice Chairman, Shashwat Goenka, shares his perspective. @shashwatgoenka @LucknowIPL #IPL #LSG #LucknowSuperGiants #RPSGGroup",LSG,neutral
198,"Rishabh Pant's Withdrawal Rishabh Pant has stepped down from the captaincy role of the Lucknow team. In the ongoing IPL series, the Lucknow team, with 4 wins, has been eliminated from the tournament. The team management has accepted Rishabh Pant's withdrawal #ipl",LSG,neutral
199,"Rishabh Pant has stepped down as captain of Lucknow Super Giants following the team's last-place finish in IPL 2026. Pant led LSG through a difficult campaign, with the franchise now expected to begin the search for a new leader ahead of the next season. #IPL2026 #LSG",LSG,positive
200,"The ""BIGGEST TRADE"" of IPL on cards. As we all know, Hardik Pandya is set to move on from Mumbai Indians captaincy as well as a player and is likely to be traded to #LSG in return #MI will get #RishabhPant. What's your opinion?? Just to know that, Lucknow Super Giants",LSG,positive
201,"Hardik Pandya To Leave Mumbai Indians, Rohit Sharma's 'Blessings' Crucial for Next Captain: Sources #IPL2026 #MI",MI,neutral
202,"Rasikh Salam faced a 2-yr ban for age-fudging in 2019, many thought it’s over for him. But he went to Mumbai, thanks to #MI, didn’t miss a day of practice despite knowing his future is uncertain. Came back in 2022, got injured. Out again. But he never gave up. #RCB #IPLFinal",MI,positive
203,Who Will Be The Mumbai Indian's Next Captain? Here Are My Candidates #Aakashvani #MI #HardikPandya,MI,neutral
204,"Livingstone reveals #SRH blocked #MI from getting Salil Arora! ""We bought a player Mumbai really wanted. We had more money, so we got him. The owners loved him, so he was locked in. Dan(Vettori) told me that” Every team knew we needed an Indian Keeper",MI,positive
205,Oh!! MI makes it more tricky. Asking for a spinner too. #Ipl #Mi #trade,MI,neutral
206,"From years of heartbreak to building a champion legacy #RCB have now entered the elite club of back-to-back IPL winners, joining the likes of #MI and #CSK. What once felt impossible is now history. #ViratKohli ’s era of belief has finally transformed into an era of dominance.",MI,neutral
207,"If Hardik Pandya enters the IPL 2027 auction, which team will go all out to sign him? Which franchise would you like to see Hardik represent in IPL 2027? #IPL2026 #MI #HardikPandya #Sportskeeda",MI,neutral
208,"Captain For Captain Uh! MI Your Very Chalak Bro, Dararo Ka Faidha Kayse Utaye MI Se Seekho! #iplfinals #Mi #Trade",MI,neutral
209,Immense joy - Suryakumar Yadav #ShreyasIyer | #MI | #T20 | #SuryakumarYadav,MI,neutral
210,"If I’m part of the decision-making group, I’d honestly rather invest that ₹22.15 Cr purse into smart auction picks instead of forcing a massive trade. Because let’s be real — #MI will definitely try to demand another important player alongside #ShivamDube in any",MI,neutral
211,"विद्यार्थ्याने उडवली MIची खिल्ली; नीता अंबानीही हसू आवरू शकल्या नाहीत! #MumbaiIndians #MI #IPL #Cricket #ViralQuote #Motivation #LifeLesson #GraduationSpeech Mumbai Indians, MI joke, viral graduation speech, Nita Ambani reaction, 251SP",MI,neutral
212,"Nothing has been finalised yet on Hardik Pandya. It's too early to say MI have moved on from their current captain. If it happens, it will be after discussions that take place in June. #MI @shamik100",MI,neutral
213,I can't handle it because its so cold #CSK #MI #RCB,MI,neutral
214,Mumbai Indians and Royal Challengers Bengaluru have won multiple IPL and WPL titles. #Cricket #MI #IPL2026,MI,positive
215,"Breaking Mumbai Indians management is set to remove Jayawardene from the position of head coach before the start of the next season. Additionally, it is being learned that more changes are set to take place in the coaching setup as well #ipl20206 #Mi #Ipl #iplchampions #Mumbai",MI,neutral
216,"My take on #HardikPandya to #CSK If #MI decide to move on from Hardik, a trade seems far more realistic than a release. Releasing a player of his value would give Mumbai very little in return. If Hardik's preferred destination is CSK, similar to the way some transfer",MI,neutral
217,CSK-க்கு வரப்போகும் ஹர்திக் பாண்டியா?? வைரலாக பரவும் செய்தி! Ex சிஎஸ்கே வீரர் கருத்து! https:// puthiyathalaimurai.com/sports/cricket /badrinath-shares-his-views-on-the-reports-regarding-hardik-pandya-potentially-joining-csk … #CSK | #HardikPandya | #MI | #IPLTrade,MI,neutral
218,Summary of @MI_GOV_PL activities May in brief: road investments; railway investments; PKP Intercity transport results. #MonthlySummary #MI #Infrastructure @GDDKiA @PKPIntercityPDP @PKP_PLK_SA,MI,neutral
219,"HISTORIC: #RCB WON SECOND TROPHY, JOINED #MI & #CSK ’s ELITE CLUB! Read More:",MI,positive
220,Got a update from a source will update around 5.00 pm for mi and hardik fans Stay tuned #IPl2026 #MI,MI,positive
221,"Reverse-Sweeping the ball to the 2nd tier of the stadium for a Six. By Heinrich Klaasen is ""Absolute Cinema"" for me #SRH #MI #MIvSRH #IPL #IPL2026",MI,neutral
222,#GTvsRR #MI Neeta Ambani to Hardik Pandya:,MI,neutral
223,Rinku Ka Tiyag Dhenayki Planning!! Laykin Coach Saab Nahi Maanrey Hay #KKR #MI #DC #CSK #ipl_2026,MI,neutral
224,"2017 • 2018 • 2019 • 2020 • 2021 #MI and #CSK were literally passing the #IPL trophy back and forth like it belonged to them. 2017 — MI 2018 — CSK 2019 — MI 2020 — MI 2021 — CSK Meanwhile, the rest of the league was just trying to get a turn.",MI,positive
225,"""Stressed, Exhausted"" Hardik Pandya tells Mumbai Indians he is ""Done"": Report #HardikPandya #MumbaiIndians #MI #IPL2026 https:// sports.ndtv.com/ipl-2026/stres sed-exhausted-hardik-pandya-tells-mumbai-indians-he-is-done-report-11563112 …",MI,neutral
226,"I want to write some new article or something, but not without new game releases, huh⋯⋯. #SNK #KOF #MI #Alba Meira Birthday Festival 2026 #Soiree Meira Birthday Festival 2026 【SNK】Minamimachi Nada【MI】｜Ureshino @a_ureshino",MI,neutral
227,"""Like the Mumbai Indians team, we too will face some tough times,"" said the student who roasted the Mumbai Indians team right in front of Nita Ambani at the school's graduation ceremony! #IPL2026 | #MI | #NitaAmbani | #TamilnaduNews | #Nakkheeran",MI,neutral
228,Tilak Varma reveals the captaincy lessons he picked up from Rohit Sharma as he gears up for his new role as India's vice-captain in T20Is! #India #MI #RohitSharma #Sportskeeda,MI,neutral
229,"Dhoni, following Rohit Sharma!! #MSDhoni | #RohitSharma | #MI | #CSK | #RCB | #RajatPatidar | #Cricket | #Sports",MI,neutral
230,Hardik Pandya | CSK வில் ஹர்திக் பாண்டியா? ரசிகர்களுக்கு காத்திருக்கும் சர்ப்ரைஸ் https:// thanthitv.com/news/sports/ha rdik-pandya-in-csk-a-surprise-may-be-in-store-for-fans … #hardikpandya #mi #csk #cricket #ipl2026,MI,positive
231,RCB become only the fourth franchise in IPL history to win multiple titles #IPL #CSK #MI #RCB #Cricket,MI,neutral
232,Ft-RohitSharma father of all ipl teams #RohitSharma #MI,MI,neutral
233,"When i was posting about these things, some 's were barking under my tweets. ko bar bar waqt par dalna padtha hay. #trade #ipl2026 #mi #csk #dc #kkr #IPL",MI,neutral
234,#Mi #Voto #Keiko2026 #Modernidad #Actualidad #Compromiso #organización #profesionalismo #Ahora #Familiaridad,MI,neutral
235,MI are expected to retain Suryakumar Yadav for IPL 2027 Source: Cricbuzz #MumbaiIndians #MI #SuryakumarYadav #IPL #CricketTwitter,MI,neutral
236,Can you find the player.. #CSK #RCB #MI,MI,neutral
237,Meeting between Hardik & MI to discuss his future #HardikPandya #MI,MI,neutral
238,Whichever team SKY goes that's my 2nd fav after #MI until Rohit plays,MI,neutral
239,"The team will conduct self-reflection on their performance around management, having lost 10 out of 14 matches in this season #IPL2026 #MI",MI,negative
240,"#MI set to sack #HardikPandya as captain; team spot not guaranteed, coaching staff says ' #noncoachable ': Report #ZeeCards Read Here:",MI,neutral
241,"Seriously, I always thought #GT was an overrated team for #Playoffs. They have only 3 batters and thats it. I still believe #PBKS #DC and #KKR in the playoffs would have been better for the tournament. Congrats #RCB for qualifying two finals in a row like #CSK 2010 and 2011 and",PBKS,positive
242,Double hattrick in a T20 match at just 21 years old. @PunjabKingsIPL & @RickyPonting keep an eye on Varun Singh Bhue for #IPL2027. Young left-arm spinner with serious potential. #PBKS #PunjabKings #CCPL #shreyasiyer #punjab #ponting #punter #ipl2027,PBKS,neutral
243,"Rajasthan Royals won, kya? A local Punjabi boy sent the RR buses back to Jaipur #PBKS #PunjabKings #GT #Gill #Shreyas #RRvGT #Punjabi",PBKS,neutral
244,"Same one point valla, playoffs lo berth dorakaledhu.. #PBKS",PBKS,positive
245,7 straight wins and then getting eliminated — what went wrong for #PBKS this year? #Aakashvani #IPL,PBKS,neutral
246,Shubman Gill’s dad’s thappi proves that Punjabis are still alive in the IPL even Punjab got knocked out. Happy for Shubman Gill. Maybe in another universe he would have been playing for his home teamPunjab in the IPL. #PBKS #ShubmanGill #GTvsRR,PBKS,positive
247,Time to call a ceasefire IPL 2026 is done the RR vs #PBKS banter was fun and all the lafdas can rest until the next season. If Taran says he’s supported RR from Day 1 and never backed any other team there’s nothing wrong with that Let him support his team and we’ll support ours,PBKS,positive
248,"SAHIL MALHOTRA ( TOI ) clears the air on the #ShreyaIyer joining MI news floating around, hear this #PBKS fans",PBKS,positive
249,"I am glad for starter's @ashwinravi99 sir raised the point of split home venues hurting #PBKS and now @joybhattacharj AND @bhogleharsha sir have always point their thoughts forward on this, I think all of us Punjab fans want our team to play in Punjab and makes sense too #IPL",PBKS,positive
250,One of my dreams is to open an American style sports bar in Punjab. Any idea how much investment it would take to get started? Is it a profitable business? Would love to hear from anyone with experience in the hospitality or sports bar industry. #PBKS #punjabkings,PBKS,positive
251,It still feels quite surreal that Punjab Kings aren't in the playoffs. First 7 games - UNBEATEN (6 wins and 1 NR) Next 7 games - 6 straight losses and 1 win It's never over until its over!! #IPL2026 #PBKS,PBKS,positive
252,All this bhangbhisada of unbeaten 7 games run just to get knocked out of playoffs at the end.. #pbks,PBKS,positive
253,"If PBKS is serious about winning the trophy this is the perfect time to bring in Ravi Ashwin as Spin Bowling Coach Ashwin, Ponting and Shreyas have already worked together and share great cricketing understanding. Strengthen the spin department now #PBKS #PunjabKings #Shreyas",PBKS,positive
254,"Gujarat Titans have the highest qualification rate, while Punjab Kings have the lowest among the current IPL teams! #IPL2026 #GT #PBKS #Sportskeeda",PBKS,neutral
255,Sarpanch Saab in his element Shreyas Iyer spotted wearing his Punjab Kings helmet during the Mumbai T20 League. But surrr Shreyas is going to Mumbai Indians Some connections are bigger than rumors. #ShreyasIyer #PunjabKings #PBKS #SarpanchSaab #shreyas,PBKS,neutral
256,"If Punjab Kings never wins an IPL trophy, then let me remind you that one party will never come to power in Punjab either #PBKS #punjabkings #ShreyasIyer",PBKS,positive
257,I hope Ponting puts his foot down and has a clear conversation with #ShreyasIyer along with congratulation him on the Indian T20 captaincy #PBKS,PBKS,positive
258,Is #PBKS the most disappointing team of #IPL2026? What do @ImZaheer & @kartikmurali think? @GoogleIndia,PBKS,neutral
259,Declared India’s T20 captain and delivered a captain’s knock Sarpanch Saab smashes a 32 ball fifty in front of 22 000 fans pure dominance Shreyas Iyer’s graph since joining Punjab Kings #PBKS #ShreyasIyer #PunjabKings Video credits @T20Mumbai @StarSportsIndia,PBKS,positive
260,"wins out of How did #PBKS bottle this season @bhogleharsha, @joybhattacharj & @gauravkapur answer #IPL2026 @GoogleIndia",PBKS,negative
261,Shreyas Iyer makes playing spin look effortless. The way he clears the ropes in the middle overs is a rare skill and that’s exactly why he’s one of the most successful middle order batters after yuvraj. The middle phase wins matches and Shreyas masters it. #PBKS #PunjabKings,PBKS,neutral
262,Drop your honest view #PBKS fans on Shreyas Iyer the captain and batter for the team in these 2 years with the franchise #IPL2026,PBKS,positive
263,Guess who? #PBKS #punjabkings #ShreyasIyyer,PBKS,neutral
264,Mullanpur feels so empty without PBKS #IPL #PBKS,PBKS,neutral
265,Very good #PBKS #punjabkings #ShreyasIyer,PBKS,positive
266,Let's wait for something solid. At the end of the day. Shreyas will make the choice that fits best for his career ahead #PBKS #IPL2026,PBKS,positive
267,"I'm sorry but @PunjabKingsIPL admin bhul gaya to give the biggest reason..we belong to Punjab, many if us are here coz we are Punjabi first, it's our identity!:) #PBKS #IPL",PBKS,neutral
268,Insecurity dikh gai bhai. Inn bhai ko Arshdeep ne december mai call krke btaya ke bhai mai Shreyas se ldne waala hu #PBKS #IPL2026,PBKS,neutral
269,"Be it KXIP or #PBKS 3 / 19 playoffs is something that i am now looking back am not able to digest as a follower of this side from the start. We will be there with you yes, but looking at how other teams have atleast qualified more times, Hope so they sort it soon man #IPL2026",PBKS,positive
270,Will RR buses travel to Ahmedabad? Or will they travel back to Jaipur? #RRvsGT #GTvsRR #PBKS #PunjabKings,PBKS,neutral
271,"Next year, Ponting saab… we will lift the cup Hopefully the auction fixes our weak spots and makes Punjab unstoppable. We played really well this season, only Dharamshala didn’t go our way. Still believe in you and Shreyas #PBKS #PunjabKings #shreyasiyer",PBKS,positive
272,Kacha ja karta vichare nu #PBKS #punjabkings #shreyasiyer #punjabi #RR #RRvsPBKS #RRvsGT #GTvsRR,PBKS,neutral
273,He is talking about this username @ShubmanGill #PBKS #punjabkings,PBKS,neutral
274,"People are reporting hundreds of news on Arshdeep leaving #PBKS for MI, Shreyas is also being talked about. Well time will tell how accurate they are. Teams & players do what they feel is the best for them in terms of being traded its a part of the system #IPL2026",PBKS,positive
275,ਬਾਹੋ ਫੜ੍ਹ ਵੈਰੀ ਨੂੰ ਰੋਕਣ ਜੋਗਾ ਹੋ ਗਿਆ ਏ ਪੁੱਤ ਜੱਟ ਦਾ Thr whole of Punjab is standing behind Gill today. Show them what Punjabi blood is made of #PBKS #PunjabKings #ShreyasIyer #Punjab #GT #Gill #IPL #iplinpunjabi #shubmangill #IPLfinal #RCB #RCBvsGT #GTvsRCB,PBKS,neutral
276,"In IPL 2027, these captains could be entering the auctions Hardik Pandya Rishabh Pant Axar Patel Ajinkya Rahane Ruturaj Gaikwad Who are you most excited to see? #IPL #PBKS #RRvsGT #PunjabKings #ShreyasIyer",PBKS,neutral
277,#IPL2026 #PBKS #PunjabKings From table-toppers to playoff exit — how Punjab Kings’ season unravelled PBKS IPL 2026 review,PBKS,neutral
278,"As per reports, Punjab Kings may bring their women’s team to the IPL as cricket craze keeps growing in Punjab Who should be the marquee player? And what should the team name be? I think “Punjab Queen XI” sounds good #PBKS #PunjabKings #shreyas",PBKS,positive
279,The only cricket journalist I truly trust is Vikrant Gupta So until Vikrant Gupta says that Shreyas Iyer has been selected as India’s new T20 captain or there is an official announcement from the BCCI don’t believe every page on social media. #PBKS #PunjabKings #shreyasiyer,PBKS,neutral
280,"OPINION: As i see #ShreyasIyer will put the control he has, the image within the fans and the team he built at risk if that unlikely move to MI happens. I am confident that he will atleast for 2027 stick to #PBKS and then see based on next year's performance",PBKS,positive
281,Ee … 2x Naamdu #RCB,RCB,positive
282,"#RCB fans, Virat Kohli has a heartfelt message for you Share your message for your #TATAIPL Champion #Final | #TheFinalLeap | #RCBvGT | @imVkohli",RCB,positive
283,Ee -nu Cup Namde Congratulations @RCBTweets #bengaluru #bangalore #rcb,RCB,positive
284,"#Bengaluru is celebrating #RCB ’s #IPL triumph in style! As colourful fireworks light up the city’s skyline, the streets have turned into a sea of jubilant fans soaking in a historic night. A 2.5 year-old fan spotted waving a RCB flag on Church Street @timesofindia",RCB,positive
285,"It was so nice, they had to win it twice #RCB #RajatPatidar",RCB,positive
286,The names that made the difference. #IPL #RCB #Aakashvani #Cricket,RCB,neutral
287,"What a moment for #RCB! Congratulations to the entire team, and fans who kept the faith all these years. And a special salute to @imVkohli, whose journey makes this victory even sweeter. #iplchampion",RCB,positive
288,I can't handle it because its so cold #CSK #MI #RCB,RCB,neutral
289,Respect++++++ #Cricket #IPL #RCB #CSK,RCB,positive
290,"RAJAT PATIDAR vs BL in MP-T20: • 29 (15) • 4s x 3, 6s x 1 • 193 SR Had a partnership with inform Parth 79(35). Decent Innings from Captain #RCB #IPL2026 #PlayBold",RCB,neutral
291,Virushka enjoying their own little moment: RCB #ViratKohli #AnushkaSharma #RCB #Insidesport #CricketTwitter,RCB,neutral
292,RCB 3rd Trophy Loading – IPL 2027 #rcb #trophy #t20cricket #viratkohli #rajatpatidar #viral #trendingreels #reels,RCB,positive
293,Lions Never Cheat #IPL #CSK #RCB,RCB,negative
294,Dhoni is different beast #dhoni #RCB #CSK,RCB,positive
295,"RCB completely owned the viewership charts in IPL 2026, with only matches crossing the 40-crore viewership mark all tournament, and all involving RCB #RCB #IPL2026 #IPL #CricketTwitter",RCB,neutral
296,Nushrratt Bharuccha Clarifies Viral RCB Celebration Video Controversy #NushrrattBharuccha #RCB #ViralVideo #CelebrityNews #EntertainmentNews #TrendingNews #SocialMediaBuzz #StackUmbrella,RCB,neutral
297,Art of Swing #RCB #BhuvneshwarKumar,RCB,neutral
298,The Indian selectors left out two absolute champion performers of IPL 2026 You gotta feel for Rajat Patidar and Bhuvneshwar Kumar #IPL #RCB #IREvIND #AsianGames2026,RCB,positive
299,Pati Dhar was right there #RCB,RCB,neutral
300,𝐁𝐎𝐋𝐃 𝐅𝐈𝐅𝐀 𝐖𝐎𝐑𝐋𝐃 𝐂𝐔𝐏 𝟐𝟎𝟐𝟔 𝐏𝐈𝐂𝐊𝐒 𝐟𝐭. @devdpd07 #RCB • #FIFAWorldCup26 • #BoldBrigade,RCB,positive
301,"Rahul Dravid left them in a bad state and last year they were in the news for all the wrong reasons. #RR head coach @KumarSanga2: ""RR is not, probably was in 2022, we've made a conscious decision that we're going to change that, and we're going to get as many players that can",RR,negative
302,"Today, the big difference between team #RR and team #GT was a Chichora captain #Parag and a mature and talented captain @ShubmanGill. If a team is having a Chichora captain then the team can never win the title. #LSG & #DC are also having Chichora captains.",RR,neutral
303,Talk about ending the innings on a big note Donovan Ferreira's fiery finish for #RR Updates https:// bit.ly/TATAIPL-2026-Q ualifier2 … #TATAIPL | #Qualifier2 | #TheFinalLeap | #GTvRR | @rajasthanroyals,RR,neutral
304,Vaibhav Suryavanshi Seen Hiding Tears Under His Cap After Defeat ◆ Vaibhav Suryavanshi's Fans Get Emotional Seeing the Pictures #VaibhavSuryavanshi | #RR | Vaibhav Suryavanshi,RR,positive
305,"Age is just a number, and Michael Hussey and Vaibhav Sooryavanshi proved it in the IPL! Here are the oldest and youngest players to win the Orange Cap. #IPL2026 #RR #Cricket #Sportskeeda",RR,positive
306,"Chin up, Boss Baby! A season to remember! Current Orange Cap holder - 776 runs Fastest fifty in playoffs - 16 balls Best batting strike rate - 237 Most sixes - 73 You are already a champion! #TATAIPL #VaibhavSooryavanshi #RR",RR,positive
307,Here are the teams whose pace-attack took IPL 2026 by storm #RCB #RR #SRH #GT #CSK #IPL2026,RR,neutral
308,Anitiki Tondaraaa #SRH #RR,RR,neutral
309,Vaibhav Sooryavanshi wins multiple awards in IPL 2026! What a talent and what a season from the 15-year-old RR opener! #IPL2026 #RR #Sportskeeda,RR,positive
310,"Vaibhav Sooryavanshi is the only player in IPL history with a strike rate of 200+ among batters with a minimum of 1,000 IPL runs! #IPL2026 #RR #Sportskeeda",RR,neutral
311,"#RR - 9/2 in first 10 Balls Normal Match ல எல்லாம் நல்லா ஆடிட்டு, Main match ல இப்டி விடறீங்களே யா Vaibhav is still there.. That’s the only Hope left now.. #RRvsGT #IPL2026",RR,positive
312,Next #IPLauction agenda for #RR should be buying a captain,RR,neutral
313,"Enjoying the boring #IPL final? Precisely, because #RR is missing",RR,neutral
314,Vaibhav Sooryavanshi Records | World Class பவுலர்களை ஓட விட்ட வைபவ் - ஆரஞ்சு கேப் முதல் சிக்ஸர் வரை.. விருதுகளை அள்ளி குவித்த சூர்யவன்ஷி #VaibhavSooryavanshi | #RR | #RajasthanRoyals | #Cricketer | #TeaTimeNews | #SportsNews | #ThanthiTV,RR,positive
315,"Vaibhav Sooryavanshi recalls his disappointment during the IPL 2025 auction, where only two teams bid for him. #RR #IPL #Cricket #Sportskeeda",RR,neutral
316,FIFTEEN YEARS OLD. That's it. That's the caption. #IPL2026 #VaibhavSooryavanshi #RR,RR,neutral
317,Ho Raha a chota sa comeback.. Dil behelane wala comeback by #RR #GTvsRR,RR,positive
318,"𝐃𝐢𝐟𝐟𝐞𝐫𝐞𝐧𝐭 𝐚𝐠𝐞, 𝐬𝐚𝐦𝐞 𝐢𝐦𝐩𝐚𝐜𝐭. #RR ’s youngest (Vaibhav Sooryavanshi) & oldest (Ravindra Jadeja) shining on the biggest stage #TATAIPL Qualifier 2 #GTvRR | LIVE NOW https:// hotstar.onelink.me/UsKp/0mvcuy4z",RR,neutral
319,"#TusharDeshpande tonight in the T20 Mumbai League With the ball: 4-0-15-1 With the bat: 33 (14) 2 Fours | 3 Sixes His season with #RR wasn't great and he could be released. But let's be honest.. Tushar understands the #CSK environment, knows the conditions,",RR,positive
320,Vaibhav Sooryavanshi opens up on his post-IPL 2026 final chat with Virat Kohli. #ViratKohli #RR #RCB,RR,positive
321,Vaibhav Sooryavanshi joins the prestigious list of Most Valuable Player award winners! #IPL2026 #RR #Sportskeeda,RR,neutral
322,"Just one step away from the finals, #RR 's loss left Vaibhav Suryavanshi shattered. As soon as the match was lost, he appeared like this with tears in his eyes. #VaibhavSooryaVanshi #IPL2026 #UANow",RR,negative
323,"Vaibhav Sooryavanshi dominated the Powerplay like no one else this season Fearless from ball one, the RR youngster topped the charts for most runs in the first six overs and turned every Powerplay into his playground #VaibhavSooryavanshi #RR #IPL2026 #Sportskeeda",RR,neutral
324,"A new name joins the Orange Cap honour roll! Vaibhav Sooryavanshi becomes only the second RR batter to finish as the leading run-scorer in an IPL season, capping off a sensational IPL 2026 campaign. #IPL2026 #RR #Sportskeeda",RR,neutral
325,Vaibhav Sooryavanshi fulfilled his batting goal in IPL 2026 #Cricket #RR #IPL,RR,neutral
326,The wait continues for Rajasthan Royals They are still searching for their second IPL title since winning the inaugural season under the legendary Shane Warne #Cricket #RR #SKC #IPL2026,RR,positive
327,"3:30am, #RR, generations finished",RR,negative
328,"Vaibhav Sooryavanshi is now the fastest Indian batter to complete 1000 IPL runs, reaching the milestone in just 23 innings! #IPL2026 #RR #Cricket #Sportskeeda",RR,neutral
329,Vaibhav Sooryavanshi Owns Costly Error Following Rajasthan Royals' Qualifier 2 Exit #VaibhavSooryavanshi #RR,RR,neutral
330,Vaibhav Sooryavanshi becomes the third RR player to win the Emerging Player of the Season award! #IPL2026 #RR #Sportskeeda,RR,positive
331,"Individual history.. Rajasthan Royals' Vaibhav Suryavanshi, who became the youngest player to score 1000 runs in the IPL at breakneck speed #RR | #VaibavSuryavanshi | #RRVSGT | #IPL | #Newstamil24x7",RR,neutral
332,"This is how pathetically you scored 140 for just ten overs against #RR, right? #GT",RR,neutral
333,Vaibhav Sooryavanshi | World Class பவுலர்களை ஓட விட்ட வைபவ் - ஆரஞ்சு கேப் முதல் சிக்ஸர் வரை.. https:// thanthitv.com/news/sports/va ibhav-sooryavanshi-the-batting-sensation-who-made-world-class-bowlers-run-for-cover-from-orange-cap-to-big-sixes … #VaibhavSooryavanshi | #RR | #RajasthanRoyals | #Cricketer | #TeaTimeNews | #SportsNews | #ThanthiTV,RR,positive
334,I think #RR deserves 8/10,RR,neutral
335,"""I had made a note on my phone that I wanted to score more than 700 runs this season."" - Vaibhav Sooryavanshi on his spectacular show in IPL 2026. #IPL2026 #RR",RR,neutral
336,"The dream of the finals was shattered even before the role was played, leaving Vaibhav in tears #ilp2026 #RR #news18gujarati",RR,positive
337,"- 93/ 38 - 97/ 29 - 96/47 VAIBHAV SOORYAVANSHI.. Don't feel sad Champ.. You are already in every Indian's Heart, #Suryavanshi #RR #GTvsRR",RR,negative
338,"At the moment, Vaibhav Sooryavanshi is carrying this #RR team like how Sachin Tendulkar carried the Indian batting in the 90s. #RR needs other batsmen like Jaiswal & Parag to step up. #GTvRR #IPL2026",RR,neutral
339,நம்ம ரொம்ப close ah நினைக்கிற சில நபர்கள் நம்ம புடிச்ச கட்சி நம்ம favorite team எல்லாமே அவுட் #RR lose,RR,negative
340,"RCB have dominated every IPL rivalry this decade, except one! SRH are the only team against whom RCB have more losses than wins since 2020. #IPL2026 #SRH #RCB #Sportskeeda",SRH,neutral
341,"Livingstone reveals #SRH blocked #MI from getting Salil Arora! ""We bought a player Mumbai really wanted. We had more money, so we got him. The owners loved him, so he was locked in. Dan(Vettori) told me that” Every team knew we needed an Indian Keeper",SRH,positive
342,"Well played #SRH Great season overall, but yesterday the batting was poor. When you know Archer is their main strike bowler, why attack him so much? His 4 overs should’ve been played with a little more respect? #srhvsRr",SRH,positive
343,Okka Archer gadi over lo Ucha aapukoni unte 240 anedhi manaku easy chase ra ee pitch mida @SunRisers We really deserves Finals man.. Thop team manadhi.. #SRH,SRH,positive
344,"Yekkada raa e ammai Biryani Debba, Sambar Abba anta Biryani Yedabba? #SRH",SRH,neutral
345,"Heinrich Klaasen clearing the front foot on time & hitting the ball for 6 in Hazlewood's bowling is ""Absolute Cinema"" for me #SRH #RCB #IPL #IPL2026",SRH,neutral
346,HAT-TRICK For Onkar Tarmale in #T20Mumbai Hatsoff to @VarunAaron #IPL2026 #SRH,SRH,neutral
347,Onkar Tarmale Bowling VS Bandra Blasters #T20Mumbai 2026 3/28(4) #SRH #IPL2026,SRH,neutral
348,"Akkada imp time lo nitish out aithe konchem kooda chiraku,kopam,sadness em lekunda youtube comments chadavadam kosam kottukuntoo thintunnaru Em fans ra babu meeru. Live starting nunchi SRH odipoddi ane chepthoo vacharu. #SRH",SRH,positive
349,SRH OWNER PAR LIAM LIVINGSTONE KA BADA KHULASA! #liamlivingstone #srh #ipl2026,SRH,neutral
350,"SRH, GTக்கு 'குஜிலிமஸ்து'.. சிஎஸ்கே ரசிகர்கள் அலப்பறை.. மரண அடி அடித்த சூர்யவன்ஷி.. ட்ரெண்டாகும் 'குபீர்' மீம்ஸ்!! #IPL | #SRH | #RR | #SRHvsRR | #Cricket | #CSK | #CSKFans | #PolimerNews",SRH,neutral
351,I have never seen a trolling of this level for a fanbase which has only 4-5 members. #SRH,SRH,neutral
352,Enduku ela chesaru ra @SunRisers Papam Gundu chesukundadu kada #SRH #IPL2026,SRH,neutral
353,Pat Cummins potentially missing next IPL might not be as bad for SRH as it sounds. This season already showed Ishan Kishan can handle leadership responsibility. The bigger challenge now? SRH’s auction becomes a hunt for wicket-taking bowlers. #SRH #Patcummins #IPLAuction,SRH,negative
354,Shivang Kumar has smashed the Fastest FIFTY in the MPL in 13 balls! How Shivang Got His 50 - 6 0 4 5 1 4 4 1 6 6 4 6 4 4 SIXES & 5 FOURS. WHAT AN INNINGS! #SRH #IPL2026,SRH,neutral
355,"Cricketer Sakib Hussain, who plays for SRH in the IPL, revealed that, ""Mom sold jewelry to get me proper shoes because the cheap ones would tear."" #SRH #IPL #SakibHussain #Cricket",SRH,neutral
356,Availability issues… might not play the IPL. Ishan Kishan - The Captain of the SunRisers Hyderabad… Let’s wait and see! #SRH #IPL2026,SRH,neutral
357,Gud mrng bathayi mawa @SunRisers.. Buddodu Vaibhav kanna Akka Chnaaa Viral ayyindi gaaa.. #SRH,SRH,neutral
358,Here are the teams whose pace-attack took IPL 2026 by storm #RCB #RR #SRH #GT #CSK #IPL2026,SRH,neutral
359,Anitiki Tondaraaa #SRH #RR,SRH,neutral
360,Abhishek Sharma has registered the most ducks by an Indian batter in a calendar year in T20s #Cricket #SRH #IPL2026,SRH,neutral
361,The Sun Group (SRH) and Reliance Industries (MI) have expressed interest in acquiring the 2nd Melbourne club to Cricket Victoria if they’re willing to proceed with the sale! #SRH #IPL2026,SRH,neutral
362,Hyderabad అంత ఎరుపు ఎక్కింది #SRH గెలిచిన కూడా ఈ range celebrations ఉండవేమో ఇక్కడ లో ఇషాన్ కిషన్ గాడి వల్లనే SRH పైన ఇంత negativity వచ్చింది. SRH ఓడిపోతే తెలుగు వాళ్లే చాలా సంబరాలు చేసుకున్నారు #RCB,SRH,neutral
363,Onkar Tarmale has taken a hattrick in the Mumbai T20 League. Unfortunate that he was injured during the IPL but this is some excellent scouting by @VarunAaron #SRH #IPL2026,SRH,neutral
364,2017 2018 2019 2020 2024 2026 #sunriseshydrabad #srh,SRH,neutral
365,Travis Head has 10 scores under 20 runs from 2024 and 2025 seasons combined. Travis Head has 7 scores of under 20 runs in 2026 alone. Just says what kind of form he was in this season. #SRH #IPL2026,SRH,neutral
366,In 2016 #SRH really took the toughest route and still lifted the trophy. One of the greatest playoff runs in #IPL history.,SRH,positive
367,Wickets For IPL Teams Since SRH's Arrival Into IPL (2013) [W/Eco] 1. MI - 1292/8.55 2. RCB - 1263/9.03 3. SRH - 1256/8.53 4. KKR - 1231/8.50 5. DD/DC - 1171/8.62 6. CSK - 1160/8.42 7. KXIP/PBKS - 1151/8.93 8. RR - 1014/8.81 9. GT - 508/9.11 10. LSG - 414/9.35 #SRH #IPL2026,SRH,neutral
368,"Oh, that’s why on the same flat tracks, he played innings like 14 (20) and 1 (5)…because watching six after six made the game really boring Makes total sense to me. Thank you for showing us how to make the game NOT boring King Livingstone #SRH #IPL2026",SRH,positive
369,We need an ambitious Indian coach for sure But Vettori will be given one more season maybe #SRH,SRH,neutral
370,26 SRH players rating: Head-1/10 Sugar guy-6/10 Ishan-9/10 Klaasen-10/10 Nkr-9/10 Smaran- -10/10 Salil-7/10 Cummins-4.5/10 Shivang-5/10 Eshan-9.8/10 Sakib-9/10 Praful-7/10 Harsh-6/10 Admin saab- /10 #SRH,SRH,neutral
371,Ninnat varak rcb ni ipl final lo kotti humanity save chestam anna pukgallu Eroj emo Still SRH is the Only Team to win the ipl Cup after winning Eliminator ani ruddhuthurru minnow mundakodukulu #SRH #IPL #IPL2026 #FINALS #S4H,SRH,positive
372,"On this day 2016, #SRH Won the first #IPL Trophy",SRH,positive
373,"Although Sunrisers Hyderabad's IPL 2026 journey ended earlier than they would have wanted, these three monsters have absolutely owned it Take a look at thow Heinrich Klaasen, Ishan Kishan and Abhishek Sharma have fared in IPL 2026 #IPL2026 #SRH #HeinrichKlaasen",SRH,neutral
374,"Might Have Not Made It All The Way, But The Fanism Never Goes Down A Level Always With You, @SunRisers #SRH #IPL2026",SRH,neutral
375,"Today marks 10 years of #SRH lifting the #IPL trophy for the first time. Until we lift that trophy again, that will continue to remain the most iconic moment in the history of the franchise. But as always, not a single tweet or post on the official @SunRisers accounts. Sort of",SRH,positive
376,Please make this trades if possible @srinathb @Prateek__Patil RR - Aman Rao MI - Hardik / Rutherford CSK - Ayush Mathare LSG - Inglis DC - Ashutosh KKR - Rinku PBKS - Suryansh Shedge #IPL2027 #SRH,SRH,neutral
377,#IPL2026 #SRH #VaibhavSooryavanshi How the Sooryavanshi storm ended Sunrisers’ title dream after dramatic revival SRH IPL 2026 autopsy,SRH,neutral
378,"Final kick e ledu ra adi idi anaru, Ade hyd lo #Srh gelichi unte vere level raw anaru. Ipudu anandra ade hyd erupu ekindi #RCB gelupu tho Enna local team",SRH,positive
379,"Reverse-Sweeping the ball to the 2nd tier of the stadium for a Six. By Heinrich Klaasen is ""Absolute Cinema"" for me #SRH #MI #MIvSRH #IPL #IPL2026",SRH,neutral
